"artist";"title";"day";"hour"
"Animal Triste";"Shake Shake Shake";"2020-04-04";"12:00"
"The National";"You Had Your Soul With You";"2020-04-04";"11:57"
"Biffy Clyro";"Instant History";"2020-04-04";"11:53"
"Happy Mondays";"Bob Yer's Uncle";"2020-04-04";"11:48"
"Jehnny Beth";"Flower";"2020-04-04";"11:45"
"Tame Impala";"Lost In Yesterday";"2020-04-04";"11:41"
"Noel Gallagher's High Flying...";"Everybody's On The Run";"2020-04-04";"11:36"
"Elvis Costello";"(The Angels Wanna Wear My) Red Shoes";"2020-04-04";"11:33"
"Gorillaz";"Momentary Bliss (Feat. Slowthai & Slaves)";"2020-04-04";"11:30"
"R.e.m.";"We All Go Back To Where We Belong";"2020-04-04";"11:26"
"The Strokes";"Bad Decisions";"2020-04-04";"11:22"
"The Coral";"Sweet Release";"2020-04-04";"11:19"
"Cold War Kids";"Who's Gonna Love Me Now";"2020-04-04";"11:16"
"Depeche Mode";"Never Let Me Down Again";"2020-04-04";"11:12"
"Hey Hey My My";"Plastic Life";"2020-04-04";"11:09"
"James Righton";"The Performer";"2020-04-04";"11:05"
"Sporto Kantes";"Whistle";"2020-04-04";"11:02"
"Asgeir";"Until Daybreak";"2020-04-04";"11:00"
"Iggy Pop";"Loves Missing";"2020-04-04";"10:55"
"Ash";"Darkest Hour Of The Night";"2020-04-04";"10:51"
"Beastie Boys";"Sabotage";"2020-04-04";"10:49"
"The Districts";"Hey Jo";"2020-04-04";"10:45"
"Circa Waves";"Jacqueline";"2020-04-04";"10:42"
"Franz Ferdinand";"Always Ascending";"2020-04-04";"10:38"
"Patti Smith";"Dancing Barefoot";"2020-04-04";"10:34"
"Morrissey";"Bobby, Don't You Think They Know";"2020-04-04";"10:31"
"Mgmt";"Time To Pretend";"2020-04-04";"10:27"
"Half Moon Run";"Then Again";"2020-04-04";"10:23"
"Aldous Harding";"Fixture Picture";"2020-04-04";"10:19"
"The Slow Readers Club";"All I Hear";"2020-04-04";"10:16"
"David Bowie";"Modern Love";"2020-04-04";"10:12"
"Finley Quaye";"Vocal Honey";"2020-04-04";"10:09"
"Jake Bugg";"Kiss Like The Sun";"2020-04-04";"10:06"
"Boogers";"Lost My Lungs";"2020-04-04";"10:02"
"Demob Happy";"Mother Machine";"2020-04-04";"09:58"
"Beirut";"Landslide";"2020-04-04";"09:55"
"Creeper";"Cyanide";"2020-04-04";"09:52"
"Gomez";"78 Stone Wobble";"2020-04-04";"09:48"
"The Big Moon";"Your Light";"2020-04-04";"09:43"
"Nada Surf";"So Much Love";"2020-04-04";"09:39"
"The Strumbellas";"Spirits";"2020-04-04";"09:36"
"The Kinks";"Victoria";"2020-04-04";"09:32"
"Vile Assembly";"Propaganda";"2020-04-04";"09:29"
"Nine Inch Nails";"The Hand That Feeds";"2020-04-04";"09:25"
"Baxter Dury";"Slumlord";"2020-04-04";"09:22"
"Mumford & Sons";"Guiding Light";"2020-04-04";"09:19"
"Lee-Ann Curren";"White Lies";"2020-04-04";"09:15"
"The Pretenders";"Popstar";"2020-04-04";"09:12"
"Liam Gallagher";"Once";"2020-04-04";"09:08"
"Cage The Elephant";"Social Cues";"2020-04-04";"09:05"
"Lana Del Rey";"Video Games";"2020-04-04";"09:01"
"Algiers";"Dispossession";"2020-04-04";"08:57"
"Ty Segall";"Fanny Dog (Royal)";"2020-04-04";"08:53"
"Sorry";"Right Round The Clock";"2020-04-04";"08:50"
"Blur";"Beetlebum";"2020-04-04";"08:45"
"Nothing But Thieves";"Is Everybody Going Crazy?";"2020-04-04";"08:41"
"Blossoms";"The Keeper";"2020-04-04";"08:38"
"Alt-J";"Breezeblocks";"2020-04-04";"08:34"
"Devo";"Mongoloid";"2020-04-04";"08:30"
"Johnossi";"Longer The Wait, Harder The Fall";"2020-04-04";"08:26"
"Phoenix";"Long Distance Call";"2020-04-04";"08:22"
"Declan Mckenna";"Beautiful Faces";"2020-04-04";"08:19"
"Spoon";"No Bullets Spent";"2020-04-04";"08:16"
"U.s. Girls";"Overtime";"2020-04-04";"08:13"
"The Clash";"Rock The Casbah";"2020-04-04";"08:09"
"Love Fame Tragedy";"Riding A Wave";"2020-04-04";"08:07"
"Tame Impala";"Lost In Yesterday";"2020-04-04";"08:03"
"The Dandy Warhols";"We Used To Be Friends";"2020-04-04";"08:00"
"David Shaw And The Beat";"Please Please Please";"2020-04-04";"07:55"
"Starcrawler";"No More Pennies";"2020-04-04";"07:52"
"The Jaded Hearts Club";"Nobody But Me";"2020-04-04";"07:49"
"Radiohead";"Creep";"2020-04-04";"07:45"
"Foals";"Like Lightning";"2020-04-04";"07:42"
"The Strokes";"Bad Decisions";"2020-04-04";"07:37"
"Vampire Weekend";"Diane Young";"2020-04-04";"07:34"
"Talking Heads";"Take Me To The River";"2020-04-04";"07:29"
"Biffy Clyro";"Instant History";"2020-04-04";"07:26"
"Cold War Kids";"We Used To Vacation";"2020-04-04";"07:22"
"James Righton";"The Performer";"2020-04-04";"07:19"
"Karen O & Danger Mouse";"Woman";"2020-04-04";"07:16"
"Pj Harvey";"Sheela-Na-Gig";"2020-04-04";"07:09"
"Barns Courtney";"Hollow";"2020-04-04";"07:06"
"Circa Waves";"Jacqueline";"2020-04-04";"07:03"
"Arctic Monkeys";"Suck It And See";"2020-04-04";"07:00"
"The Growlers";"Natural Affair";"2020-04-04";"06:56"
"Theo Lawrence";"The Worst In Me";"2020-04-04";"06:53"
"Gorillaz";"Momentary Bliss (Feat. Slowthai & Slaves)";"2020-04-04";"06:49"
"Massive Attack";"Unfinished Sympathy";"2020-04-04";"06:44"
"The Lemon Twigs";"The One";"2020-04-04";"06:42"
"Half Moon Run";"Then Again";"2020-04-04";"06:38"
"Alabama Shakes";"Hold On";"2020-04-04";"06:35"
"Lou Reed";"Ooohhh Baby";"2020-04-04";"06:31"
"Hinds";"Riding Solo";"2020-04-04";"06:28"
"The Vaccines";"Post Break-Up Sex";"2020-04-04";"06:25"
"Jake Bugg";"Kiss Like The Sun";"2020-04-04";"06:22"
"Liam Gallagher";"For What It's Worth";"2020-04-04";"06:18"
"Bombay Bicycle Club";"Everything Else Has Gone Wrong";"2020-04-04";"06:14"
"Grant Lee Buffalo";"Fuzzy";"2020-04-04";"06:09"
"Morrissey";"Bobby, Don't You Think They Know";"2020-04-04";"06:06"
"Nada Surf";"So Much Love";"2020-04-04";"06:03"
"Faithless";"Spiders, Crocodiles & Kryptonite (Feat. Robert Smith)";"2020-04-04";"05:59"
"Jackie Lynn";"Shugar Water";"2020-04-04";"05:55"
"Anteros";"Call Your Mother";"2020-04-04";"05:52"
"Hey Hey My My";"Plastic Life";"2020-04-04";"05:49"
"The Beach Boys";"California Dreamin'";"2020-04-04";"05:46"
"Jil Is Lucky";"Off The Wall";"2020-04-04";"05:42"
"Baxter Dury";"Slumlord";"2020-04-04";"05:39"
"H-Burns";"Naked";"2020-04-04";"05:35"
"David Bowie";"Young Americans";"2020-04-04";"05:30"
"Ash";"Darkest Hour Of The Night";"2020-04-04";"05:26"
"Cage The Elephant";"Social Cues";"2020-04-04";"05:19"
"Stereophonics";"Fly Like An Eagle";"2020-04-04";"05:15"
"Ttrruuces";"Sensations Of Cool";"2020-04-04";"05:11"
"Billy Idol";"Dancing With Myself";"2020-04-04";"05:08"
"Creeper";"Cyanide";"2020-04-04";"05:05"
"Blossoms";"The Keeper";"2020-04-04";"05:01"
"Carl Barat";"Run With The Boys";"2020-04-04";"04:58"
"Animal Triste";"Shake Shake Shake";"2020-04-04";"04:55"
"Gaz Coombes";"Deep Pockets";"2020-04-04";"04:51"
"Finley Quaye";"Vocal Honey";"2020-04-04";"04:48"
"Muse";"Muscle Museum";"2020-04-04";"04:44"
"Jehnny Beth";"Flower";"2020-04-04";"04:41"
"Declan Mckenna";"Beautiful Faces";"2020-04-04";"04:37"
"Citizens!";"Waiting For You Lover";"2020-04-04";"04:34"
"The Undertones";"Teenage Kicks";"2020-04-04";"04:31"
"Vile Assembly";"Propaganda";"2020-04-04";"04:28"
"Cocoon";"American Boy";"2020-04-04";"04:24"
"Tame Impala";"Lost In Yesterday";"2020-04-04";"04:21"
"Editors";"Magazine";"2020-04-04";"04:18"
"Cold War Kids";"Who's Gonna Love Me Now";"2020-04-04";"04:15"
"Morcheeba";"Blindfold";"2020-04-04";"04:11"
"Sorry";"Right Round The Clock";"2020-04-04";"04:07"
"The Strokes";"Bad Decisions";"2020-04-04";"04:03"
"The Shins";"Phantom Limb";"2020-04-04";"03:59"
"Asgeir";"Until Daybreak";"2020-04-04";"03:56"
"Swim Deep";"Sail Away, Say Goodbye";"2020-04-04";"03:51"
"Johnossi";"Longer The Wait, Harder The Fall";"2020-04-04";"03:47"
"Portishead";"Glory Box";"2020-04-04";"03:44"
"The Districts";"Hey Jo";"2020-04-04";"03:40"
"James Righton";"The Performer";"2020-04-04";"03:37"
"Jacco Gardner";"Another You";"2020-04-04";"03:33"
"Bob Dylan";"Motorpsycho Nitemare";"2020-04-04";"03:29"
"Liam Gallagher";"Once";"2020-04-04";"03:25"
"Kasabian";"Days Are Forgotten";"2020-04-04";"03:21"
"Circa Waves";"Jacqueline";"2020-04-04";"03:19"
"Interpol";"If You Really Love Nothing";"2020-04-04";"03:15"
"The Slow Readers Club";"All I Hear";"2020-04-04";"03:11"
"Pil";"This Is Not A Love Song";"2020-04-04";"03:07"
"Biffy Clyro";"Instant History";"2020-04-04";"03:04"
"Half Moon Run";"Then Again";"2020-04-04";"03:01"
"Elysian Fields";"Set The Grass On Fire";"2020-04-04";"02:57"
"The Big Moon";"Your Light";"2020-04-04";"02:52"
"Kaiser Chiefs";"Record Collection";"2020-04-04";"02:48"
"The Jaded Hearts Club";"Nobody But Me";"2020-04-04";"02:46"
"Radiohead";"Exit Music (For A Film)";"2020-04-04";"02:41"
"Lee-Ann Curren";"White Lies";"2020-04-04";"02:38"
"Jake Bugg";"Kiss Like The Sun";"2020-04-04";"02:35"
"Franz Ferdinand";"Right Action";"2020-04-04";"02:32"
"Dusty Springfield";"Son Of A Preacher Man";"2020-04-04";"02:30"
"Barns Courtney";"Hollow";"2020-04-04";"02:26"
"Depeche Mode";"Freelove";"2020-04-04";"02:22"
"Nada Surf";"So Much Love";"2020-04-04";"02:19"
"The Raconteurs";"Sunday Driver";"2020-04-04";"02:15"
"Algiers";"Dispossession";"2020-04-04";"02:11"
"Morrissey";"Suedehead";"2020-04-04";"02:08"
"Gorillaz";"Momentary Bliss (Feat. Slowthai & Slaves)";"2020-04-04";"02:04"
"Baxter Dury";"Slumlord";"2020-04-04";"02:01"
"Jarvis Cocker";"I Just Came To Tell You That I'm Going (Feat. Kid Loco)";"2020-04-04";"01:57"
"Nothing But Thieves";"Is Everybody Going Crazy?";"2020-04-04";"01:53"
"Belle And Sebastian";"Sister Buddha";"2020-04-04";"01:49"
"Love Fame Tragedy";"Riding A Wave";"2020-04-04";"01:47"
"Apollo Four Forty";"Stop The Rock";"2020-04-04";"01:43"
"U.s. Girls";"Overtime";"2020-04-04";"01:40"
"Cage The Elephant";"Social Cues";"2020-04-04";"01:37"
"The Fat White Family";"I Am Mark E Smith";"2020-04-04";"01:32"
"Martha And The Muffins";"Echo Beach";"2020-04-04";"01:29"
"Hinds";"Riding Solo";"2020-04-04";"01:26"
"Justice";"D.a.n.c.e";"2020-04-04";"01:22"
"Blossoms";"The Keeper";"2020-04-04";"01:19"
"Noel Gallagher's High Flying...";"This Is The Place";"2020-04-04";"01:15"
"David Shaw And The Beat";"Please Please Please";"2020-04-04";"01:10"
"Passions";"I'm In Love With A German Film Star";"2020-04-04";"01:07"
"Declan Mckenna";"Beautiful Faces";"2020-04-04";"01:00"
"Band Of Skulls";"I Know What I Am";"2020-04-04";"00:57"
"Demob Happy";"Mother Machine";"2020-04-04";"00:53"
"Mac Demarco";"All Of Our Yesterdays";"2020-04-04";"00:49"
"Ash";"Darkest Hour Of The Night";"2020-04-04";"00:45"
"The B-52'S";"Love Shack";"2020-04-04";"00:41"
"Foals";"Like Lightning";"2020-04-04";"00:37"
"Tame Impala";"Lost In Yesterday";"2020-04-04";"00:34"
"Findlay";"Waste My Time";"2020-04-04";"00:30"
"Elvis Costello & The Attractions";"Oliver's Army";"2020-04-04";"00:28"
"Creeper";"Cyanide";"2020-04-04";"00:24"
"The Kills";"The Good Ones";"2020-04-04";"00:21"
"The Strokes";"Bad Decisions";"2020-04-04";"00:16"
"Sea Girls";"Violet";"2020-04-04";"00:12"
"King Krule";"Cellular";"2020-04-04";"00:09"
"The Stranglers";"Golden Brown";"2020-04-04";"00:06"
"Finley Quaye";"Vocal Honey";"2020-04-04";"00:03"
"The Xx";"Vcr";"2020-04-03";"23:57"
"The Growlers";"Natural Affair";"2020-04-03";"23:53"
"Pixies";"On Graveyard Hill";"2020-04-03";"23:50"
"Morrissey";"Bobby, Don't You Think They Know";"2020-04-03";"23:46"
"Echo And The Bunnymen";"The Killing Moon";"2020-04-03";"23:41"
"The Lemon Twigs";"The One";"2020-04-03";"23:38"
"Circa Waves";"Jacqueline";"2020-04-03";"23:36"
"The Strypes";"Get Into It";"2020-04-03";"23:33"
"The Zombies";"Time Of The Season";"2020-04-03";"23:29"
"Sorry";"Right Round The Clock";"2020-04-03";"23:26"
"Santigold";"L.e.s. Artistes";"2020-04-03";"23:22"
"Half Moon Run";"Then Again";"2020-04-03";"23:19"
"Bon Iver";"Hey, Ma";"2020-04-03";"23:16"
"Bombay Bicycle Club";"Everything Else Has Gone Wrong";"2020-04-03";"23:12"
"David Bowie";"Modern Love (Remastered 1999)";"2020-04-03";"23:07"
"Vile Assembly";"Propaganda";"2020-04-03";"23:03"
"Jake Bugg";"Kiss Like The Sun";"2020-04-03";"23:00"
"Radiohead";"Bodysnatchers";"2020-04-03";"22:56"
"Jil Is Lucky";"Off The Wall";"2020-04-03";"22:53"
"Andrew Bird";"Sisyphus";"2020-04-03";"22:49"
"Liam Gallagher";"Once";"2020-04-03";"22:45"
"The Smashing Pumpkins";"Bullet With Butterfly Wings";"2020-04-03";"22:41"
"Animal Triste";"Shake Shake Shake";"2020-04-03";"22:37"
"Arcade Fire";"Everything Now";"2020-04-03";"22:29"
"Joe Cocker";"Woman To Woman";"2020-04-03";"22:25"
"Biffy Clyro";"Instant History";"2020-04-03";"22:22"
"Placebo";"Bigmouth Strikes Again";"2020-04-03";"22:19"
"Idles";"Mercedes Marxist";"2020-04-03";"22:12"
"Jehnny Beth";"Flower";"2020-04-03";"22:09"
"The Cure";"Let's Go To Bed";"2020-04-03";"22:05"
"The Jaded Hearts Club";"Nobody But Me";"2020-04-03";"22:03"
"Cage The Elephant";"Social Cues";"2020-04-03";"21:59"
"Air";"Cherry Blossom Girl";"2020-04-03";"21:56"
"Johnossi";"Longer The Wait, Harder The Fall";"2020-04-03";"21:52"
"Ramones";"Substitute";"2020-04-03";"21:49"
"Jackie Lynn";"Shugar Water";"2020-04-03";"21:44"
"Iggy Pop";"The Passenger";"2020-04-03";"21:33"
"M83";"Midnight City";"2020-04-03";"21:25"
"Declan Mckenna";"Beautiful Faces";"2020-04-03";"21:22"
"Tamino";"Indigo Night";"2020-04-03";"21:19"
"Asgeir";"Until Daybreak";"2020-04-03";"21:16"
"U2";"Desire";"2020-04-03";"21:13"
"Love Fame Tragedy";"Riding A Wave";"2020-04-03";"21:10"
"Tame Impala";"Lost In Yesterday";"2020-04-03";"21:07"
"Bloc Party";"Banquet";"2020-04-03";"21:03"
"The Districts";"Hey Jo";"2020-04-03";"21:00"
"Balthazar";"Entertainment";"2020-04-03";"20:57"
"Hinds";"Riding Solo";"2020-04-03";"20:54"
"James";"Sit Down";"2020-04-03";"20:50"
"The Slow Readers Club";"All I Hear";"2020-04-03";"20:46"
"The Strokes";"Bad Decisions";"2020-04-03";"20:42"
"Temples";"Certainty";"2020-04-03";"20:38"
"The Clash";"Police On My Back";"2020-04-03";"20:35"
"Barns Courtney";"Hollow";"2020-04-03";"20:32"
"Noel Gallagher's High Flying...";"The Death Of You And Me";"2020-04-03";"20:28"
"Supergrass";"Next To You";"2020-04-03";"20:22"
"The Big Moon";"Your Light";"2020-04-03";"20:17"
"Blur";"To The End (La Comedie) (Feat. Francoise Hardy)";"2020-04-03";"20:12"
"Hey Hey My My";"Plastic Life";"2020-04-03";"20:09"
"Circa Waves";"Jacqueline";"2020-04-03";"20:06"
"Isobel Campbell & Mark Lanegan";"Ramblin' Man";"2020-04-03";"20:03"
"Lee-Ann Curren";"White Lies";"2020-04-03";"20:00"
"Marianne Faithfull";"The Gypsy Faerie Queen (Feat. Nick Cave)";"2020-04-03";"19:56"
"Ash";"Darkest Hour Of The Night";"2020-04-03";"19:52"
"Working Week";"Inner City Blues";"2020-04-03";"19:47"
"Ttrruuces";"Sensations Of Cool";"2020-04-03";"19:43"
"Half Moon Run";"Then Again";"2020-04-03";"19:40"
"Beck";"Colors";"2020-04-03";"19:37"
"Ian Dury & The Blockheads";"Sex & Drugs & Rock'n'roll";"2020-04-03";"19:34"
"Finley Quaye";"Vocal Honey";"2020-04-03";"19:30"
"Devendra Banhart";"Long Haired Child";"2020-04-03";"19:27"
"Jake Bugg";"Kiss Like The Sun";"2020-04-03";"19:24"
"James Bay";"Pink Lemonade";"2020-04-03";"19:19"
"Algiers";"Dispossession";"2020-04-03";"19:15"
"The Auteurs";"Lenny Valentino";"2020-04-03";"19:13"
"Morrissey";"Bobby, Don't You Think They Know";"2020-04-03";"19:10"
"Pj Harvey";"Good Fortune";"2020-04-03";"19:03"
"Nothing But Thieves";"Is Everybody Going Crazy?";"2020-04-03";"18:59"
"Julius Spellman";"Poison";"2020-04-03";"18:57"
"Sorry";"Right Round The Clock";"2020-04-03";"18:53"
"Underworld";"Born Slippy";"2020-04-03";"18:49"
"U.s. Girls";"Overtime";"2020-04-03";"18:46"
"Of Monsters And Men";"Crystals";"2020-04-03";"18:39"
"Joy Division";"Love Will Tear Us Apart";"2020-04-03";"18:35"
"Biffy Clyro";"Instant History";"2020-04-03";"18:32"
"Franz Ferdinand";"I'm Your Villain";"2020-04-03";"18:28"
"Cage The Elephant";"Social Cues";"2020-04-03";"18:25"
"Michael Kiwanuka";"Hero";"2020-04-03";"18:21"
"David Shaw And The Beat";"Please Please Please";"2020-04-03";"18:17"
"Lou Reed";"Dirty Boulevard";"2020-04-03";"18:13"
"Vile Assembly";"Propaganda";"2020-04-03";"18:10"
"Blossoms";"The Keeper";"2020-04-03";"18:06"
"The Black Keys";"Gold On The Ceiling";"2020-04-03";"18:03"
"Foals";"Like Lightning";"2020-04-03";"17:59"
"Frank Carter & The Rattlesnakes";"Crowbar";"2020-04-03";"17:57"
"Liam Gallagher";"Once";"2020-04-03";"17:53"
"Neneh Cherry";"Trout (Feat. Michael Stipe)";"2020-04-03";"17:49"
"Demob Happy";"Mother Machine";"2020-04-03";"17:45"
"Declan Mckenna";"Beautiful Faces";"2020-04-03";"17:42"
"Cassius";"The Missing (Feat. Ryan Tedder)";"2020-04-03";"17:38"
"Jacqueline Taieb";"7 Heures Du Matin";"2020-04-03";"17:36"
"Creeper";"Cyanide";"2020-04-03";"17:32"
"Stereophonics";"Dakota";"2020-04-03";"17:28"
"Tame Impala";"Lost In Yesterday";"2020-04-03";"17:25"
"Vampire Weekend";"Harmony Hall";"2020-04-03";"17:21"
"King Krule";"Cellular";"2020-04-03";"17:18"
"Mercury Rev";"Goddess On A Hiway";"2020-04-03";"17:14"
"The Jaded Hearts Club";"Nobody But Me";"2020-04-03";"17:12"
"The Strokes";"Bad Decisions";"2020-04-03";"17:07"
"Bjork";"I've Seen It All (Feat. Thom Yorke)";"2020-04-03";"17:02"
"The Growlers";"Natural Affair";"2020-04-03";"16:59"
"The Raconteurs";"Now That You're Gone";"2020-04-03";"16:55"
"Modern English";"I Melt With You";"2020-04-03";"16:47"
"The Lemon Twigs";"The One";"2020-04-03";"16:45"
"Willy Moon";"My Girl";"2020-04-03";"16:39"
"David Bowie";"Starman";"2020-04-03";"16:35"
"Johnossi";"Longer The Wait, Harder The Fall";"2020-04-03";"16:31"
"The Rodeo";"On The Radio";"2020-04-03";"16:27"
"Circa Waves";"Jacqueline";"2020-04-03";"16:24"
"Hawksley Workman";"Lazy";"2020-04-03";"16:20"
"Bombay Bicycle Club";"Everything Else Has Gone Wrong";"2020-04-03";"16:16"
"Edwyn Collins";"A Girl Like You";"2020-04-03";"16:12"
"Love Fame Tragedy";"Riding A Wave";"2020-04-03";"16:09"
"Half Moon Run";"Then Again";"2020-04-03";"16:06"
"Primal Scream";"Country Girl";"2020-04-03";"16:02"
"Jil Is Lucky";"Off The Wall";"2020-04-03";"15:58"
"Ten Fe";"Superrich";"2020-04-03";"15:53"
"Hinds";"Riding Solo";"2020-04-03";"15:50"
"The Verve";"Bitter Sweet Symphony";"2020-04-03";"15:45"
"Animal Triste";"Shake Shake Shake";"2020-04-03";"15:42"
"Jake Bugg";"Kiss Like The Sun";"2020-04-03";"15:39"
"The Struts";"Kiss This";"2020-04-03";"15:36"
"The Specials";"Gangsters";"2020-04-03";"15:33"
"Barns Courtney";"Hollow";"2020-04-03";"15:30"
"Ghinzu";"Take It Easy";"2020-04-03";"15:26"
"Nada Surf";"So Much Love";"2020-04-03";"15:23"
"Allusinlove";"All Good People";"2020-04-03";"15:18"
"Jehnny Beth";"Flower";"2020-04-03";"15:15"
"Beastie Boys";"No Sleep Till Brooklyn";"2020-04-03";"15:11"
"Hey Hey My My";"Plastic Life";"2020-04-03";"15:08"
"Baxter Dury";"Slumlord";"2020-04-03";"15:04"
"Johnny Cash";"Redemption Song";"2020-04-03";"15:01"
"Cold War Kids";"Who's Gonna Love Me Now";"2020-04-03";"14:58"
"Anna Calvi";"Don't Beat The Girl Out Of My Boy (Feat. Courtney Barnett)";"2020-04-03";"14:55"
"Ash";"Darkest Hour Of The Night";"2020-04-03";"14:51"
"The Waterboys";"The Whole Of The Moon";"2020-04-03";"14:46"
"Asgeir";"Until Daybreak";"2020-04-03";"14:43"
"Cage The Elephant";"Social Cues";"2020-04-03";"14:39"
"Everything Everything";"Distant Past";"2020-04-03";"14:36"
"The Selecter";"On My Radio";"2020-04-03";"14:33"
"Finley Quaye";"Vocal Honey";"2020-04-03";"14:29"
"Cat Power";"I Love You (Me Either)";"2020-04-03";"14:24"
"Blossoms";"The Keeper";"2020-04-03";"14:21"
"Gorillaz";"Humility (Feat. George Benson)";"2020-04-03";"14:18"
"The Districts";"Hey Jo";"2020-04-03";"14:14"
"Siouxsie And The Banshees";"Dear Prudence";"2020-04-03";"14:10"
"Morrissey";"Bobby, Don't You Think They Know";"2020-04-03";"14:07"
"Declan Mckenna";"Beautiful Faces";"2020-04-03";"14:04"
"Yeah Yeah Yeahs";"Gold Lion";"2020-04-03";"14:01"
"The Slow Readers Club";"All I Hear";"2020-04-03";"13:57"
"John Butler Trio";"Just Call";"2020-04-03";"13:54"
"Biffy Clyro";"Instant History";"2020-04-03";"13:51"
"Julie Driscoll";"This Wheel's On Fire (Feat. Brian Auger & The Trinity)";"2020-04-03";"12:33"
"Foals";"Like Lightning";"2020-04-03";"10:56"
"B.e.d.";"White Coats";"2020-04-03";"10:54"
"Barns Courtney";"Hollow";"2020-04-03";"10:53"
"Bombay Bicycle Club";"Everything Else Has Gone Wrong";"2020-04-03";"09:40"
"The Strokes";"Bad Decisions";"2020-04-03";"09:40"
"Stuck In The Sound";"Brother";"2020-04-03";"09:33"
"Tears For Fears";"Pale Shelter";"2020-04-03";"09:10"
"The Smashing Pumpkins";"Silvery Sometimes (Ghosts)";"2020-04-03";"08:17"
"Demob Happy";"Mother Machine";"2020-04-03";"08:13"
"Creeper";"Cyanide";"2020-04-03";"08:05"
"Nada Surf";"So Much Love";"2020-04-03";"08:03"
"Cold War Kids";"Who's Gonna Love Me Now";"2020-04-03";"07:56"
"Interpol";"The Rover";"2020-04-03";"06:50"
"Love Fame Tragedy";"Riding A Wave";"2020-04-03";"06:50"
"The Jam";"That's Entertainment";"2020-04-03";"06:44"
"The Big Moon";"Your Light";"2020-04-03";"06:40"
"Declan Mckenna";"Beautiful Faces";"2020-04-03";"06:36"
"Jeanne Added";"Look At Them";"2020-04-03";"06:32"
"The Clash";"The Magnificent Seven";"2020-04-03";"06:28"
"The Jaded Hearts Club";"Nobody But Me";"2020-04-03";"06:25"
"Ray Lamontagne";"Beg Steal Or Borrow";"2020-04-03";"06:21"
"Tame Impala";"Lost In Yesterday";"2020-04-03";"06:17"
"Danny Goffey";"Sick Holiday";"2020-04-03";"06:15"
"Lee-Ann Curren";"White Lies";"2020-04-03";"06:11"
"Moby";"Find My Baby";"2020-04-03";"06:08"
"Barns Courtney";"Hollow";"2020-04-03";"06:05"
"The Strokes";"Bad Decisions";"2020-04-03";"06:00"
"Belle And Sebastian";"The Blues Are Still Blue";"2020-04-03";"05:56"
"Algiers";"Dispossession";"2020-04-03";"05:52"
"Franz Ferdinand";"Lazy Boy";"2020-04-03";"05:49"
"Gorillaz";"Momentary Bliss (Feat. Slowthai & Slaves)";"2020-04-03";"05:46"
"Mc 900 Ft Jesus";"The City Sleeps";"2020-04-03";"05:42"
"Nothing But Thieves";"Is Everybody Going Crazy?";"2020-04-03";"05:38"
"James Righton";"The Performer";"2020-04-03";"05:35"
"Two Door Cinema Club";"Are We Ready? (Wreck)";"2020-04-03";"05:31"
"The Who";"The Seeker";"2020-04-03";"05:27"
"Hinds";"Riding Solo";"2020-04-03";"05:24"
"The Dead 60'S";"Stand Up";"2020-04-03";"05:20"
"Circa Waves";"Jacqueline";"2020-04-03";"05:18"
"Big Thief";"Not";"2020-04-03";"05:14"
"U.s. Girls";"Overtime";"2020-04-03";"05:11"
"The Fall";"Cruiser's Creek";"2020-04-03";"05:07"
"Morrissey";"Bobby, Don't You Think They Know";"2020-04-03";"05:03"
"Half Moon Run";"Then Again";"2020-04-03";"05:00"
"Tunng";"Bullets";"2020-04-03";"04:56"
"David Shaw And The Beat";"Please Please Please";"2020-04-03";"04:51"
"Manic Street Preachers";"People Give In";"2020-04-03";"04:48"
"Hey Hey My My";"Plastic Life";"2020-04-03";"04:45"
"The Pretenders";"Don't Get Me Wrong";"2020-04-03";"04:41"
"Foals";"Like Lightning";"2020-04-03";"04:37"
"Jake Bugg";"Kiss Like The Sun";"2020-04-03";"04:34"
"Girls In Hawaii";"Walk";"2020-04-03";"04:31"
"The Yardbirds";"Heart Full Of Soul";"2020-04-03";"04:29"
"Biffy Clyro";"Instant History";"2020-04-03";"04:26"
"Absynthe Minded";"Envoi";"2020-04-03";"04:22"
"Nada Surf";"So Much Love";"2020-04-03";"04:19"
"Jonathan Jeremiah";"Mountain";"2020-04-03";"04:16"
"Jackie Lynn";"Shugar Water";"2020-04-03";"04:11"
"Elliott Smith";"Waltz #2 (Xo)";"2020-04-03";"04:07"
"Ash";"Darkest Hour Of The Night";"2020-04-03";"04:03"
"Baxter Dury";"Slumlord";"2020-04-03";"04:00"
"Mgmt";"Kids";"2020-04-03";"03:56"
"King Krule";"Cellular";"2020-04-03";"03:53"
"Iguana Death Cult";"Liquify";"2020-04-03";"03:48"
"Creeper";"Cyanide";"2020-04-03";"03:45"
"Jeff Buckley";"Grace";"2020-04-03";"03:39"
"Ttrruuces";"Sensations Of Cool";"2020-04-03";"03:36"
"Rex Orange County";"Loving Is Easy (Feat. Benny Sings)";"2020-04-03";"03:30"
"The Velvet Underground";"Venus In Furs";"2020-04-03";"03:25"
"Finley Quaye";"Vocal Honey";"2020-04-03";"03:21"
"Ben Howard";"The Wolves";"2020-04-03";"03:18"
"Blossoms";"The Keeper";"2020-04-03";"03:15"
"The Growlers";"Natural Affair";"2020-04-03";"03:10"
"Vile Assembly";"Propaganda";"2020-04-03";"03:03"
"The Heavy";"Sixteen";"2020-04-03";"02:56"
"Liam Gallagher";"Once";"2020-04-03";"02:01"
"James Righton";"The Performer";"2020-04-03";"01:58"
"Lilly Wood And The Prick";"Down The Drain";"2020-04-03";"01:56"
"Death In Vegas";"Aisha (Feat. Iggy Pop)";"2020-04-03";"01:40"
"Temples";"Mesmerise";"2020-04-03";"01:31"
"David Bowie";"Ziggy Stardust";"2020-04-03";"01:30"
"Radiohead";"Knives Out";"2020-04-03";"01:20"
"Cold War Kids";"Who's Gonna Love Me Now";"2020-04-03";"01:10"
"Gorillaz";"Momentary Bliss (Feat. Slowthai & Slaves)";"2020-04-03";"01:03"
"Foals";"Cassius";"2020-04-03";"00:56"
"Arctic Monkeys";"Four Out Of Five";"2020-04-03";"00:50"
"The Districts";"Hey Jo";"2020-04-03";"00:36"
"Nada Surf";"So Much Love";"2020-04-03";"00:33"
"Baxter Dury";"Slumlord";"2020-04-03";"00:15"
"Beck";"Uneventful Days";"2020-04-03";"00:12"
"The Slow Readers Club";"All I Hear";"2020-04-03";"00:09"
"Nirvana";"Love Buzz";"2020-04-03";"00:05"
"Hinds";"Riding Solo";"2020-04-03";"00:02"
"Ryan Adams";"Wonderwall";"2020-04-02";"23:54"
"The Big Moon";"Your Light";"2020-04-02";"23:49"
"Fontaines D.c.";"Boys In The Better Land";"2020-04-02";"23:46"
"Garbage";"Queer";"2020-04-02";"23:39"
"Lee-Ann Curren";"White Lies";"2020-04-02";"23:35"
"The Black Keys";"Little Black Submarines";"2020-04-02";"23:28"
"Leonard Cohen";"The Partisan";"2020-04-02";"23:25"
"Kaiser Chiefs";"I Predict A Riot";"2020-04-02";"23:18"
"Shame";"One Rizla";"2020-04-02";"23:11"
"Demob Happy";"Mother Machine";"2020-04-02";"23:08"
"Portishead";"All Mine";"2020-04-02";"23:04"
"Yuksek";"Tonight";"2020-04-02";"22:54"
"Algiers";"Dispossession";"2020-04-02";"22:49"
"Black Bones";"Creepy Rain";"2020-04-02";"22:47"
"Ash";"Darkest Hour Of The Night";"2020-04-02";"22:43"
"Tom Jones";"Are You Gonna Go My Way (Feat. Robbie Williams)";"2020-04-02";"22:40"
"Nothing But Thieves";"Is Everybody Going Crazy?";"2020-04-02";"22:36"
"Royal Blood";"Figure It Out";"2020-04-02";"22:28"
"The Cars";"Just What I Needed";"2020-04-02";"22:25"
"Finley Quaye";"Vocal Honey";"2020-04-02";"22:21"
"Pony Pony Run Run";"Hey You";"2020-04-02";"22:18"
"The Fat White Family";"Feet";"2020-04-02";"22:11"
"U.s. Girls";"Overtime";"2020-04-02";"22:08"
"Pulp";"Common People";"2020-04-02";"22:03"
"Kasabian";"L.s.f. (Lost Souls Forever)";"2020-04-02";"21:53"
"Taxi Girl";"Paris";"2020-04-02";"21:47"
"King Krule";"Cellular";"2020-04-02";"21:44"
"Foals";"My Number";"2020-04-02";"21:38"
"The Rolling Stones";"Play With Fire";"2020-04-02";"21:36"
"The Raconteurs";"Steady As She Goes";"2020-04-02";"21:28"
"The Growlers";"Natural Affair";"2020-04-02";"21:19"
"The Stone Roses";"Fools Gold";"2020-04-02";"21:14"
"Radiohead";"Everything In Its Right Place";"2020-04-02";"21:05"
"The Lemon Twigs";"The One";"2020-04-02";"21:02"
"Charlotte Gainsbourg";"Such A Remarkable Day";"2020-04-02";"20:59"
"Elvis Costello";"Everyday I Write The Book";"2020-04-02";"20:51"
"Bombay Bicycle Club";"Everything Else Has Gone Wrong";"2020-04-02";"20:47"
"Pixies";"Classic Masher";"2020-04-02";"20:41"
"Pink Floyd";"Comfortably Numb";"2020-04-02";"20:35"
"The Do";"On My Shoulders";"2020-04-02";"20:27"
"Bandit Bandit";"Maux";"2020-04-02";"20:21"
"Jil Is Lucky";"Off The Wall";"2020-04-02";"20:17"
"Morphine";"Buena";"2020-04-02";"20:14"
"Love Fame Tragedy";"Riding A Wave";"2020-04-02";"20:11"
"Depeche Mode";"Dream On";"2020-04-02";"20:04"
"Animal Triste";"Shake Shake Shake";"2020-04-02";"20:01"
"Tall Heights";"The Deep End";"2020-04-02";"19:58"
"The La's";"There She Goes";"2020-04-02";"19:52"
"Jackie Lynn";"Shugar Water";"2020-04-02";"19:47"
"Rover";"Aqualast";"2020-04-02";"19:40"
"The Troggs";"Wild Thing";"2020-04-02";"19:38"
"Hinds";"Riding Solo";"2020-04-02";"19:34"
"Arcade Fire";"Wake Up";"2020-04-02";"19:29"
"Villagers";"A Trick Of The Light";"2020-04-02";"19:22"
"Cold War Kids";"Who's Gonna Love Me Now";"2020-04-02";"19:19"
"Talking Heads";"Once In A Lifetime";"2020-04-02";"19:15"
"Arctic Monkeys";"When The Sun Goes Down";"2020-04-02";"19:03"
"Jehnny Beth";"Flower";"2020-04-02";"19:00"
"Fidlar";"By Myself";"2020-04-02";"18:57"
"Lotus Eaters";"The First Picture Of You";"2020-04-02";"18:48"
"Asgeir";"Until Daybreak";"2020-04-02";"18:45"
"The Vaccines";"I Always Knew";"2020-04-02";"18:38"
"The Cure";"Saturday Night";"2020-04-02";"18:35"
"Antony And The Johnsons";"Thank You For Your Love";"2020-04-02";"18:27"
"Hozier";"Movement";"2020-04-02";"18:21"
"Ttrruuces";"Sensations Of Cool";"2020-04-02";"18:17"
"David Bowie";"I'm Afraid Of Americans";"2020-04-02";"18:13"
"Finley Quaye";"Vocal Honey";"2020-04-02";"18:09"
"Phoenix";"1901";"2020-04-02";"18:03"
"The Districts";"Hey Jo";"2020-04-02";"17:59"
"Night Beats";"Her Cold Cold Heart";"2020-04-02";"17:56"
"Tori Amos";"Cornflake Girl";"2020-04-02";"17:47"
"The Slow Readers Club";"All I Hear";"2020-04-02";"17:44"
"Alt-J";"Left Hand Free";"2020-04-02";"17:38"
"The Walker Brothers";"The Sun Ain't Gonna Shine Anymore";"2020-04-02";"17:35"
"The Ting Tings";"We Walk";"2020-04-02";"17:28"
"Ten Tonnes";"G.i.v.e.";"2020-04-02";"17:21"
"The Big Moon";"Your Light";"2020-04-02";"17:17"
"Fatboy Slim";"Praise You";"2020-04-02";"17:13"
"Vile Assembly";"Propaganda";"2020-04-02";"17:09"
"The Killers";"Human";"2020-04-02";"17:02"
"Lee-Ann Curren";"White Lies";"2020-04-02";"16:59"
"Greta Van Fleet";"When The Curtain Falls";"2020-04-02";"16:55"
"The Smashing Pumpkins";"1979";"2020-04-02";"16:47"
"Algiers";"Dispossession";"2020-04-02";"16:43"
"George Ezra";"Blame It On Me";"2020-04-02";"16:36"
"Patti Smith";"Because The Night";"2020-04-02";"16:33"
"Franz Ferdinand";"Lucid Dreams";"2020-04-02";"16:26"
"Cat Power";"Woman (Feat. Lana Del Rey)";"2020-04-02";"16:18"
"Foals";"Like Lightning";"2020-04-02";"16:15"
"The Romantics";"Talking In Your Sleep";"2020-04-02";"16:11"
"Joseph Arthur";"In The Sun";"2020-04-02";"16:01"
"Nothing But Thieves";"Is Everybody Going Crazy?";"2020-04-02";"15:57"
"L'epee";"Dreams";"2020-04-02";"15:54"
"Suzanne Vega";"Marlene On The Wall";"2020-04-02";"15:47"
"Demob Happy";"Mother Machine";"2020-04-02";"15:43"
"Sparks";"Edith Piaf (Said It Better Than Me)";"2020-04-02";"15:35"
"Radiohead";"Scatterbrain";"2020-04-02";"15:24"
"Tamino";"Habibi";"2020-04-02";"15:16"
"U.s. Girls";"Overtime";"2020-04-02";"15:13"
"The Smiths";"The Boy With The Thorn In His Side";"2020-04-02";"15:10"
"Smash Mouth";"I'm A Believer";"2020-04-02";"15:00"
"David Shaw And The Beat";"Please Please Please";"2020-04-02";"14:56"
"William Z Villain";"Something Beautiful";"2020-04-02";"14:52"
"Love Fame Tragedy";"Riding A Wave";"2020-04-02";"14:49"
"Pulp";"This Is Hardcore";"2020-04-02";"14:44"
"The Growlers";"Natural Affair";"2020-04-02";"14:40"
"Enter Shikari";"Live Outside";"2020-04-02";"14:34"
"Lou Reed";"Perfect Day";"2020-04-02";"14:31"
"Hinds";"Riding Solo";"2020-04-02";"14:27"
"Avi Buffalo";"What's In It For";"2020-04-02";"14:24"
"Cigarettes After Sex";"Heavenly";"2020-04-02";"14:16"
"King Krule";"Cellular";"2020-04-02";"14:13"
"Oasis";"She's Electric";"2020-04-02";"14:10"
"Hooverphonic";"Mad About You";"2020-04-02";"14:00"
"The Lemon Twigs";"The One";"2020-04-02";"13:57"
"The Who";"All This Music Must Fade";"2020-04-02";"13:54"
"Muse";"Unintended";"2020-04-02";"13:50"
"Triggerfinger";"I Follow Rivers";"2020-04-02";"13:36"
"The Stranglers";"No More Heroes";"2020-04-02";"13:33"
"Ash";"Darkest Hour Of The Night";"2020-04-02";"13:29"
"Bloc Party";"Helicopter";"2020-04-02";"13:25"
"Vampire Weekend";"This Life";"2020-04-02";"13:18"
"Jil Is Lucky";"Off The Wall";"2020-04-02";"13:14"
"Placebo";"Without You I'm Nothing (Feat. David Bowie)";"2020-04-02";"13:10"
"Finley Quaye";"Vocal Honey";"2020-04-02";"13:07"
"Animal Triste";"Shake Shake Shake";"2020-04-02";"12:56"
"Miles Kane";"Cry On My Guitar";"2020-04-02";"12:53"
"Nine Inch Nails";"Closer";"2020-04-02";"12:44"
"Cold War Kids";"Who's Gonna Love Me Now";"2020-04-02";"12:41"
"Editors";"Life Is A Fear";"2020-04-02";"12:34"
"Magazine";"Shot Both Sides";"2020-04-02";"12:30"
"The Flaming Lips";"(Just Like) Starting Over";"2020-04-02";"12:23"
"Bat For Lashes";"Kids In The Dark";"2020-04-02";"12:17"
"Jehnny Beth";"Flower";"2020-04-02";"12:13"
"Babybird";"You're Gorgeous";"2020-04-02";"12:10"
"Vile Assembly";"Propaganda";"2020-04-02";"12:07"
"Broken Bells";"The High Road";"2020-04-02";"11:59"
"Asgeir";"Until Daybreak";"2020-04-02";"11:57"
"Gaz Coombes";"Salamander";"2020-04-02";"11:52"
"The Breeders";"Cannonball";"2020-04-02";"11:45"
"The Districts";"Hey Jo";"2020-04-02";"11:41"
"Last Train";"Cold Fever";"2020-04-02";"11:33"
"The Ruts";"Babylon's Burning";"2020-04-02";"11:31"
"Interpol";"The Heinrich Maneuver";"2020-04-02";"11:24"
"Stereophonics";"Bust This Town";"2020-04-02";"11:16"
"Jackie Lynn";"Shugar Water";"2020-04-02";"11:12"
"Pixies";"Here Comes Your Man";"2020-04-02";"11:08"
"Giant Drag";"Wicked Game";"2020-04-02";"10:59"
"The Slow Readers Club";"All I Hear";"2020-04-02";"10:55"
"Andrew Bird";"Sisyphus";"2020-04-02";"10:52"
"The Clash";"This Is Radio Clash";"2020-04-02";"10:44"
"The Big Moon";"Your Light";"2020-04-02";"10:38"
"Belle And Sebastian";"Party Line";"2020-04-02";"10:32"
"Serge Gainsbourg";"L'hotel Particulier";"2020-04-02";"10:28"
"Love Fame Tragedy";"Riding A Wave";"2020-04-02";"10:25"
"Art Brut";"Direct Hit";"2020-04-02";"10:21"
"Band Of Skulls";"Cool Your Battles";"2020-04-02";"10:15"
"Lee-Ann Curren";"White Lies";"2020-04-02";"10:12"
"The Lords Of The New Church";"Russian Roulette";"2020-04-02";"10:08"
"Hinds";"Riding Solo";"2020-04-02";"10:05"
"Rinocerose";"Time Machine";"2020-04-02";"09:59"
"Algiers";"Dispossession";"2020-04-02";"09:54"
"Sleater-Kinney";"Can I Go On";"2020-04-02";"09:51"
"The Verve";"Lucky Man";"2020-04-02";"09:44"
"Ttrruuces";"Sensations Of Cool";"2020-04-02";"09:40"
"Justice";"Randy";"2020-04-02";"09:34"
"David Bowie";"Andy Warhol";"2020-04-02";"09:31"
"The Black Keys";"Howlin' For You";"2020-04-02";"09:24"
"Black Honey";"Midnight";"2020-04-02";"09:17"
"Foals";"Like Lightning";"2020-04-02";"09:14"
"The Cranberries";"Dreams";"2020-04-02";"09:09"
"Beck";"E-Pro";"2020-04-02";"08:59"
"Nothing But Thieves";"Is Everybody Going Crazy?";"2020-04-02";"08:56"
"Franz Ferdinand";"Paper Cages";"2020-04-02";"08:52"
"U2";"Pride (In The Name Of Love)";"2020-04-02";"08:46"
"U.s. Girls";"Overtime";"2020-04-02";"08:43"
"Arctic Monkeys";"Why'd You Only Call Me When You're High ?";"2020-04-02";"08:37"
"Donovan";"Sunshine Superman";"2020-04-02";"08:34"
"Ash";"Darkest Hour Of The Night";"2020-04-02";"08:30"
"The Divine Comedy";"Come Home Billy Bird";"2020-04-02";"08:26"
"Cass Mccombs";"The Great Pixley Train Robbery";"2020-04-02";"08:19"
"David Shaw And The Beat";"Please Please Please";"2020-04-02";"08:14"
"Air";"Sexy Boy";"2020-04-02";"08:11"
"Anna Calvi";"Desire";"2020-04-02";"07:59"
"The Lemon Twigs";"The One";"2020-04-02";"07:56"
"Toy";"Sequence One";"2020-04-02";"07:52"
"Finley Quaye";"Vocal Honey";"2020-04-02";"07:49"
"Radiohead";"Street Spirit (Fade Out)";"2020-04-02";"07:45"
"The Growlers";"Natural Affair";"2020-04-02";"07:41"
"Neil Young";"Only Love Can Break Your Heart";"2020-04-02";"07:32"
"Vile Assembly";"Propaganda";"2020-04-02";"07:28"
"Babyshambles";"Killamangiro";"2020-04-02";"07:25"
"Brittany Howard";"History Repeats";"2020-04-02";"07:19"
"Bombay Bicycle Club";"Everything Else Has Gone Wrong";"2020-04-02";"07:15"
"Disposable Heroes Of Hiphoprisy";"Television, The Drug Of The Nati";"2020-04-02";"07:09"
"Gossip";"Standing In The Way Of Control";"2020-04-02";"06:59"
"Jil Is Lucky";"Off The Wall";"2020-04-02";"06:55"
"Temples";"Hot Motion";"2020-04-02";"06:51"
"The Prodigy";"Firestarter";"2020-04-02";"06:43"
"Demob Happy";"Mother Machine";"2020-04-02";"06:40"
"The Chemical Brothers";"Go (Feat. Q-Tip)";"2020-04-02";"06:33"
"The Kinks";"Low Budget";"2020-04-02";"06:30"
"Razorlight";"Wire To Wire";"2020-04-02";"06:23"
"Mini Mansions";"Hey Lover (Feat. Alison Mosshart)";"2020-04-02";"06:14"
"Animal Triste";"Shake Shake Shake";"2020-04-02";"06:11"
"Beastie Boys";"Sure Shot";"2020-04-02";"06:08"
"Martina Topley Bird";"Baby Blue";"2020-04-02";"05:58"
"Cold War Kids";"Who's Gonna Love Me Now";"2020-04-02";"05:55"
"Courtney Barnett";"Need A Little Time";"2020-04-02";"05:51"
"The Pogues";"Fairytale Of New York (Feat. Kirsty Maccoll)";"2020-04-02";"05:43"
"King Krule";"Cellular";"2020-04-02";"05:40"
"David Bowie";"Valentine's Day";"2020-04-02";"05:34"
"Iggy Pop";"Nightclubbing";"2020-04-02";"05:30"
"Love Fame Tragedy";"Riding A Wave";"2020-04-02";"05:27"
"Johnny Cash";"The Man Comes Around";"2020-04-02";"05:23"
"Ezra Furman";"Love You So Bad";"2020-04-02";"05:16"
"Jehnny Beth";"Flower";"2020-04-02";"05:12"
"Bjork";"Violently Happy";"2020-04-02";"05:08"
"Asgeir";"Until Daybreak";"2020-04-02";"04:55"
"John Butler Trio";"Home";"2020-04-02";"04:52"
"Fun Lovin' Criminals";"Scooby Snacks";"2020-04-02";"04:46"
"The Districts";"Hey Jo";"2020-04-02";"04:42"
"The National";"Day I Die";"2020-04-02";"04:34"
"Pierre Henry";"Psyche Rock";"2020-04-02";"04:32"
"Hinds";"Riding Solo";"2020-04-02";"04:28"
"Arcade Fire";"The Suburbs";"2020-04-02";"04:23"
"Jack White";"Connected By Love";"2020-04-02";"04:15"
"The Slow Readers Club";"All I Hear";"2020-04-02";"04:11"
"Primal Scream";"Rocks";"2020-04-02";"04:08"
"R.e.m.";"We All Go Back To Where We Belong";"2020-04-02";"03:57"
"The Big Moon";"Your Light";"2020-04-02";"03:52"
"Softer Still";"A Sadder Sound";"2020-04-02";"03:49"
"Daft Punk";"Around The World";"2020-04-02";"03:42"
"Lee-Ann Curren";"White Lies";"2020-04-02";"03:38"
"Imagine Dragons";"Radioactive";"2020-04-02";"03:33"
"T.rex";"Jeepster";"2020-04-02";"03:28"
"The Temper Trap";"Sweet Disposition";"2020-04-02";"03:21"
"Algiers";"Dispossession";"2020-04-02";"03:11"
"The Stone Roses";"I Wanna Be Adored";"2020-04-02";"03:07"
"Ash";"Darkest Hour Of The Night";"2020-04-02";"03:04"
"Kill The Young";"Origin Of Illness";"2020-04-02";"02:57"
"Foals";"Like Lightning";"2020-04-02";"02:54"
"Jeanne Added";"Mutate";"2020-04-02";"02:50"
"Supergrass";"Moving";"2020-04-02";"02:43"
"Devo";"Girl U Want";"2020-04-02";"01:29"
"Placebo";"Protege-Moi";"2020-04-02";"01:23"
"Marianne Faithfull";"The Gypsy Faerie Queen (Feat. Nick Cave)";"2020-04-02";"01:16"
"David Shaw And The Beat";"Please Please Please";"2020-04-02";"01:11"
"The Clash";"Rock The Casbah";"2020-04-02";"01:07"
"Eels";"Mr E's Beautiful Blues";"2020-04-02";"00:57"
"The Lemon Twigs";"The One";"2020-04-02";"00:54"
"Puts Marie";"C'mon";"2020-04-02";"00:51"
"Depeche Mode";"Personal Jesus";"2020-04-02";"00:43"
"The Growlers";"Natural Affair";"2020-04-02";"00:40"
"James Bay";"Hold Back The River";"2020-04-02";"00:31"
"Bob Dylan";"Rainy Day Women # 12&35";"2020-04-02";"00:27"
"Cake";"Short Skirt / Long Jacket";"2020-04-02";"00:21"
"Aldous Harding";"Fixture Picture";"2020-04-02";"00:14"
"Bombay Bicycle Club";"Everything Else Has Gone Wrong";"2020-04-02";"00:09"
"The Pretenders";"Popstar";"2020-04-02";"00:06"
"William Shatner";"Common People";"2020-04-01";"23:56"
"Jil Is Lucky";"Off The Wall";"2020-04-01";"23:53"
"Ten Fe";"Superrich";"2020-04-01";"23:47"
"Animal Triste";"Shake Shake Shake";"2020-04-01";"23:37"
"Palma Violets";"Best Of Friends";"2020-04-01";"23:30"
"Roxy Music";"Love Is The Drug";"2020-04-01";"23:26"
"Nouvelle Vague";"Don't Go";"2020-04-01";"23:20"
"Cold War Kids";"Who's Gonna Love Me Now";"2020-04-01";"23:09"
"The Cure";"The Lovecats";"2020-04-01";"23:06"
"Elliott Smith";"Son Of Sam";"2020-04-01";"22:56"
"Asgeir";"Until Daybreak";"2020-04-01";"22:53"
"Shake Shake Go";"Come Back To Me";"2020-04-01";"22:50"
"Oasis";"Supersonic";"2020-04-01";"22:43"
"Theo Lawrence";"The Worst In Me";"2020-04-01";"20:00"
"Beck";"Where It's At";"2020-04-01";"19:50"
"Nothing But Thieves";"Is Everybody Going Crazy?";"2020-04-01";"19:50"
"Weezer";"Can't Knock The Hustle";"2020-04-01";"19:23"
"U.s. Girls";"Overtime";"2020-04-01";"19:20"
"Portishead";"Sour Times";"2020-04-01";"19:16"
"The Shins";"Phantom Limb";"2020-04-01";"19:05"
"The Lemon Twigs";"The One";"2020-04-01";"19:03"
"Girl In Red";"Bad Idea!";"2020-04-01";"19:00"
"Moby";"Porcelain";"2020-04-01";"18:54"
"David Shaw And The Beat";"Please Please Please";"2020-04-01";"18:49"
"Young Fathers";"Only God Knows";"2020-04-01";"18:41"
"Led Zeppelin";"South Bound Saurez";"2020-04-01";"18:37"
"Spoon";"No Bullets Spent";"2020-04-01";"18:24"
"The Growlers";"Natural Affair";"2020-04-01";"18:20"
"Massive Attack";"Unfinished Sympathy";"2020-04-01";"18:15"
"Barns Courtney";"Hollow";"2020-04-01";"18:11"
"The Script";"The Man Who Can't Be Moved";"2020-04-01";"18:04"
"Jackie Lynn";"Shugar Water";"2020-04-01";"18:00"
"Noel Gallagher's High Flying...";"Black Star Dancing";"2020-04-01";"17:56"
"Creeper";"Cyanide";"2020-04-01";"17:52"
"Frank Black";"You Ain't Me";"2020-04-01";"17:50"
"Bombay Bicycle Club";"Everything Else Has Gone Wrong";"2020-04-01";"17:46"
"The Strypes";"You Can't Judge A Book By The Cover";"2020-04-01";"17:40"
"The Kinks";"Dead End Street";"2020-04-01";"17:37"
"Biffy Clyro";"Instant History";"2020-04-01";"17:33"
"Supergrass";"Diamond Hoo Ha Man";"2020-04-01";"17:30"
"Parcels";"Tieduprightnow";"2020-04-01";"17:22"
"Jil Is Lucky";"Off The Wall";"2020-04-01";"17:19"
"Happy Mondays";"Bob Yer's Uncle";"2020-04-01";"17:14"
"Hey Hey My My";"Plastic Life";"2020-04-01";"17:11"
"Keren Ann";"Lay Your Head Down";"2020-04-01";"17:04"
"Animal Triste";"Shake Shake Shake";"2020-04-01";"17:01"
"Editors";"Magazine";"2020-04-01";"16:57"
"Ash";"Darkest Hour Of The Night";"2020-04-01";"16:53"
"The B-52'S";"Love Shack";"2020-04-01";"16:49"
"Ttrruuces";"Sensations Of Cool";"2020-04-01";"16:45"
"Kasabian";"Bless This Acid House";"2020-04-01";"16:39"
"The Who";"Baba O'riley";"2020-04-01";"16:34"
"Finley Quaye";"Vocal Honey";"2020-04-01";"16:31"
"Mark Ronson";"Valerie (Feat. Amy Winehouse)";"2020-04-01";"16:27"
"Interpol";"If You Really Love Nothing";"2020-04-01";"16:20"
"Cold War Kids";"Who's Gonna Love Me Now";"2020-04-01";"16:17"
"Pj Harvey";"Sheela-Na-Gig";"2020-04-01";"16:13"
"Sorry";"Right Round The Clock";"2020-04-01";"16:10"
"Arctic Monkeys";"Suck It And See";"2020-04-01";"16:04"
"Asgeir";"Until Daybreak";"2020-04-01";"16:01"
"Belle And Sebastian";"Sister Buddha";"2020-04-01";"15:57"
"Vile Assembly";"Propaganda";"2020-04-01";"15:53"
"Nirvana";"In Bloom";"2020-04-01";"15:49"
"Jehnny Beth";"Flower";"2020-04-01";"15:46"
"Kings Of Leon";"Waste A Moment";"2020-04-01";"15:39"
"The Rolling Stones";"We Love You";"2020-04-01";"15:35"
"Liam Gallagher";"Once";"2020-04-01";"15:32"
"1990s";"See You At The Lights";"2020-04-01";"15:29"
"H-Burns";"Crazy Ones";"2020-04-01";"15:22"
"The Districts";"Hey Jo";"2020-04-01";"15:18"
"Depeche Mode";"It's No Good";"2020-04-01";"15:12"
"The Jaded Hearts Club";"Nobody But Me";"2020-04-01";"15:10"
"R.e.m.";"Supernatural Superserious";"2020-04-01";"15:03"
"The Slow Readers Club";"All I Hear";"2020-04-01";"15:00"
"The Raconteurs";"Sunday Driver";"2020-04-01";"14:56"
"The Jam";"Town Called Malice";"2020-04-01";"14:50"
"The Big Moon";"Your Light";"2020-04-01";"14:45"
"Garbage";"Empty";"2020-04-01";"14:37"
"Madness";"Night Boat To Cairo";"2020-04-01";"14:34"
"Johnossi";"Longer The Wait, Harder The Fall";"2020-04-01";"14:30"
"The Dandy Warhols";"We Used To Be Friends";"2020-04-01";"14:27"
"Death Cab For Cutie";"Northern Lights";"2020-04-01";"14:20"
"Lee-Ann Curren";"White Lies";"2020-04-01";"14:17"
"Tom Jones";"Burning Down The House (Feat. The Cardigans)";"2020-04-01";"14:13"
"Mgmt";"Electric Feel";"2020-04-01";"14:03"
"Demob Happy";"Mother Machine";"2020-04-01";"13:59"
"Iggy Pop";"Loves Missing";"2020-04-01";"13:55"
"The Cure";"Love Song";"2020-04-01";"13:49"
"Algiers";"Dispossession";"2020-04-01";"13:44"
"Steven Wilson";"Permanating";"2020-04-01";"13:36"
"The Clash";"Jimmy Jazz";"2020-04-01";"13:32"
"Idles";"Mercedes Marxist";"2020-04-01";"13:19"
"Foals";"Like Lightning";"2020-04-01";"13:16"
"Manic Street Preachers";"If You Tolerate This Your Children Will Be Next";"2020-04-01";"13:11"
"Barns Courtney";"Hollow";"2020-04-01";"13:07"
"Nick Cave & The Bad Seeds";"Nature Boy";"2020-04-01";"13:01"
"Nothing But Thieves";"Is Everybody Going Crazy?";"2020-04-01";"12:58"
"Grandepolis";"Change The Pathway";"2020-04-01";"12:53"
"Biffy Clyro";"Instant History";"2020-04-01";"12:50"
"Bjork";"It's Oh So Quiet";"2020-04-01";"12:47"
"King Krule";"Cellular";"2020-04-01";"12:44"
"The Stone Roses";"All For One";"2020-04-01";"12:37"
"David Bowie";"Rebel Rebel";"2020-04-01";"12:33"
"Hey Hey My My";"Plastic Life";"2020-04-01";"12:30"
"Kate Nash";"Foundations";"2020-04-01";"12:26"
"Swim Deep";"Sail Away, Say Goodbye";"2020-04-01";"12:19"
"U.s. Girls";"Overtime";"2020-04-01";"12:16"
"Ash";"Darkest Hour Of The Night";"2020-04-01";"12:09"
"Franz Ferdinand";"The Dark Of The Matinee";"2020-04-01";"12:01"
"The Lemon Twigs";"The One";"2020-04-01";"11:59"
"Temples";"You're Either On Something";"2020-04-01";"11:55"
"Finley Quaye";"Vocal Honey";"2020-04-01";"11:52"
"Hole";"Doll Parts";"2020-04-01";"11:48"
"David Shaw And The Beat";"Please Please Please";"2020-04-01";"11:44"
"Jagwar Ma";"Come Save Me";"2020-04-01";"11:36"
"Bryan Ferry";"Let's Stick Together";"2020-04-01";"11:34"
"Sorry";"Right Round The Clock";"2020-04-01";"11:31"
"Peter Bjorn And John";"Young Folks";"2020-04-01";"11:26"
"Kaiser Chiefs";"Record Collection";"2020-04-01";"11:18"
"The Growlers";"Natural Affair";"2020-04-01";"11:14"
"Lloyd Cole & The Commotions";"Lost Weekend";"2020-04-01";"11:11"
"Vile Assembly";"Propaganda";"2020-04-01";"11:08"
"Air";"Cherry Blossom Girl";"2020-04-01";"11:01"
"Bombay Bicycle Club";"Everything Else Has Gone Wrong";"2020-04-01";"10:57"
"The Regrettes";"I Dare You";"2020-04-01";"10:54"
"Creeper";"Cyanide";"2020-04-01";"10:51"
"Pulp";"Le Roi Des Fourmis";"2020-04-01";"10:47"
"Jil Is Lucky";"Off The Wall";"2020-04-01";"10:44"
"Mondo Cozmo";"Shine";"2020-04-01";"10:36"
"Small Faces";"Lazy Sunday";"2020-04-01";"10:33"
"Liam Gallagher";"Once";"2020-04-01";"10:30"
"The Libertines";"Can't Stand Me Now";"2020-04-01";"10:26"
"Tamino";"Indigo Night";"2020-04-01";"10:20"
"Animal Triste";"Shake Shake Shake";"2020-04-01";"10:16"
"Billy Idol";"Dancing With Myself";"2020-04-01";"10:13"
"Bloc Party";"I Still Remember";"2020-04-01";"10:01"
"Cold War Kids";"Who's Gonna Love Me Now";"2020-04-01";"09:58"
"Biche";"Kepler, Kepler";"2020-04-01";"09:54"
"The Waterboys";"A Girl Called Johnny";"2020-04-01";"09:47"
"Jackie Lynn";"Shugar Water";"2020-04-01";"09:42"
"Asaf Avidan";"Different Pulses";"2020-04-01";"09:36"
"The Velvet Underground";"I'm Waiting For The Man";"2020-04-01";"09:31"
"Johnossi";"Longer The Wait, Harder The Fall";"2020-04-01";"09:27"
"Mac Demarco";"All Of Our Yesterdays";"2020-04-01";"09:16"
"Asgeir";"Until Daybreak";"2020-04-01";"09:13"
"The Lemonheads";"Mrs Robinson";"2020-04-01";"09:10"
"The Xx";"Crystalised";"2020-04-01";"09:00"
"Jehnny Beth";"Flower";"2020-04-01";"08:57"
"Stereophonics";"Fly Like An Eagle";"2020-04-01";"08:53"
"Eels";"Susan's House";"2020-04-01";"08:46"
"The Districts";"Hey Jo";"2020-04-01";"08:42"
"Placebo";"Jesus' Son";"2020-04-01";"08:36"
"10 Cc";"Dreadlock Holiday";"2020-04-01";"08:32"
"The Jaded Hearts Club";"Nobody But Me";"2020-04-01";"08:29"
"Arcade Fire";"Rebellion (Lies)";"2020-04-01";"08:25"
"Vampire Weekend";"Harmony Hall";"2020-04-01";"08:18"
"Ttrruuces";"Sensations Of Cool";"2020-04-01";"08:14"
"Serge Gainsbourg";"Harley David Son Of A Bitch";"2020-04-01";"08:11"
"Barns Courtney";"Hollow";"2020-04-01";"08:07"
"Ghinzu";"Do You Read Me";"2020-04-01";"08:00"
"The Big Moon";"Your Light";"2020-04-01";"07:55"
"Sea Girls";"Violet";"2020-04-01";"07:51"
"Biffy Clyro";"Instant History";"2020-04-01";"07:48"
"David Bowie";"Modern Love (Remastered 1999)";"2020-04-01";"07:44"
"Lee-Ann Curren";"White Lies";"2020-04-01";"07:40"
"Everything Everything";"Kemosabe";"2020-04-01";"07:33"
"Love";"Alone Again Or";"2020-04-01";"07:30"
"Hey Hey My My";"Plastic Life";"2020-04-01";"07:27"
"Richard Ashcroft";"A Song For The Lovers";"2020-04-01";"07:22"
"Mercury Rev";"Big Boss Man (Feat. Hope Sandoval)";"2020-04-01";"07:17"
"Ash";"Darkest Hour Of The Night";"2020-04-01";"07:06"
"Santigold";"L.e.s. Artistes";"2020-04-01";"06:59"
"Algiers";"Dispossession";"2020-04-01";"06:55"
"Pixies";"On Graveyard Hill";"2020-04-01";"06:52"
"Finley Quaye";"Vocal Honey";"2020-04-01";"06:48"
"The Smiths";"There Is A Light That Never Goes Out";"2020-04-01";"06:45"
"Foals";"Like Lightning";"2020-04-01";"06:41"
"I'm From Barcelona";"Violins";"2020-04-01";"06:34"
"Elvis Costello & The Attractions";"Watching The Detectives";"2020-04-01";"06:30"
"Vile Assembly";"Propaganda";"2020-04-01";"06:27"
"Cassius";"Toop Toop";"2020-04-01";"06:24"
"Mattiel";"Count Your Blessings";"2020-04-01";"06:16"
"Nothing But Thieves";"Is Everybody Going Crazy?";"2020-04-01";"06:13"
"U2";"Sunday Bloody Sunday";"2020-04-01";"06:08"
"Creeper";"Cyanide";"2020-04-01";"06:05"
"Emiliana Torrini";"Jungle Drum";"2020-04-01";"05:59"
"The Lemon Twigs";"The One";"2020-04-01";"05:57"
"Radio Elvis";"23 Minutes";"2020-04-01";"05:53"
"The Stone Roses";"Love Spreads";"2020-04-01";"05:44"
"U.s. Girls";"Overtime";"2020-04-01";"05:41"
"St. Vincent";"Los Ageless";"2020-04-01";"05:35"
"The Cure";"Charlotte Sometimes";"2020-04-01";"05:30"
"Liam Gallagher";"Once";"2020-04-01";"05:27"
"The Ting Tings";"That's Not My Name";"2020-04-01";"05:23"
"Miles Kane";"Blame It On The Summertime";"2020-04-01";"05:17"
"David Shaw And The Beat";"Please Please Please";"2020-04-01";"05:13"
"Cornershop";"Brimful Of Asha (Norman Cook Remix)";"2020-04-01";"05:08"
"Rufus Wainwright";"Across The Universe";"2020-04-01";"04:58"
"Demob Happy";"Mother Machine";"2020-04-01";"04:55"
"Michael Kiwanuka";"Hero";"2020-04-01";"04:51"
"Sorry";"Right Round The Clock";"2020-04-01";"04:48"
"Depeche Mode";"Never Let Me Down Again";"2020-04-01";"04:44"
"The Growlers";"Natural Affair";"2020-04-01";"04:40"
"Hyphen Hyphen";"Just Need Your Love";"2020-04-01";"04:33"
"Joy Division";"Disorder";"2020-04-01";"04:30"
"Johnossi";"Longer The Wait, Harder The Fall";"2020-04-01";"04:26"
"Caesars";"Jerk It Out";"2020-04-01";"04:23"
"Hawksley Workman";"Lazy";"2020-04-01";"04:16"
"Bombay Bicycle Club";"Everything Else Has Gone Wrong";"2020-04-01";"04:12"
"Beck";"The New Pollution";"2020-04-01";"04:08"
"Damien Rice";"Volcano";"2020-04-01";"03:58"
"King Krule";"Cellular";"2020-04-01";"03:55"
"Bon Iver";"Hey, Ma";"2020-04-01";"03:52"
"Barns Courtney";"Hollow";"2020-04-01";"03:48"
"The House Of Love";"Beatles And Stones";"2020-04-01";"03:45"
"Jil Is Lucky";"Off The Wall";"2020-04-01";"03:41"
"The Fat White Family";"Whitest Boy On The Beach";"2020-04-01";"03:34"
"Bob Dylan";"Ballad Of A Thin Man";"2020-04-01";"03:28"
"Cat Power";"The Greatest";"2020-04-01";"03:21"
"The Black Keys";"Go";"2020-04-01";"03:16"
"Animal Triste";"Shake Shake Shake";"2020-04-01";"03:13"
"Gomez";"78 Stone Wobble";"2020-04-01";"03:08"
"Biffy Clyro";"Instant History";"2020-04-01";"03:05"
"Cold War Kids";"Who's Gonna Love Me Now";"2020-04-01";"02:55"
"Feet";"English Weather";"2020-04-01";"02:52"
"Hey Hey My My";"Plastic Life";"2020-04-01";"02:49"
"Tears For Fears";"Pale Shelter";"2020-04-01";"02:44"
"Asgeir";"Until Daybreak";"2020-04-01";"02:41"
"Franz Ferdinand";"Love Illumination";"2020-04-01";"02:33"
"Johnny Cash";"Folsom Prison Blues (Live San Quentin)";"2020-04-01";"02:30"
"The Jaded Hearts Club";"Nobody But Me";"2020-04-01";"02:27"
"Ray Lamontagne";"Beg Steal Or Borrow";"2020-04-01";"02:23"
"Maximo Park";"Get High (No, I Don't)";"2020-04-01";"02:16"
"Jehnny Beth";"Flower";"2020-04-01";"02:13"
"Killing Joke";"Love Like Blood";"2020-04-01";"02:08"
"Ash";"Darkest Hour Of The Night";"2020-04-01";"02:05"
"Gossip";"Listen Up";"2020-04-01";"01:58"
"The Districts";"Hey Jo";"2020-04-01";"01:54"
"Noel Gallagher's High Flying...";"It's A Beautiful World";"2020-04-01";"01:50"
"Suede";"She's In Fashion";"2020-04-01";"01:43"
"The Big Moon";"Your Light";"2020-04-01";"01:38"
"Nathaniel Rateliff";"I Need Never Get Old";"2020-04-01";"01:31"
"The Kinks";"Lola";"2020-04-01";"01:27"
"Finley Quaye";"Vocal Honey";"2020-04-01";"01:23"
"The Dead Weather";"I Cut Like A Buffalo";"2020-04-01";"01:20"
"Allah-Las";"In The Air";"2020-04-01";"01:15"
"Jackie Lynn";"Shugar Water";"2020-04-01";"01:10"
"Everything But The Girl";"Each And Everyone";"2020-04-01";"01:08"
"Vile Assembly";"Propaganda";"2020-04-01";"01:04"
"The Servant";"Orchestra";"2020-04-01";"00:57"
"Lee-Ann Curren";"White Lies";"2020-04-01";"00:54"
"Anna Calvi";"Don't Beat The Girl Out Of My Boy (Feat. Courtney Barnett)";"2020-04-01";"00:51"
"Creeper";"Cyanide";"2020-04-01";"00:47"
"The Cranberries";"Linger";"2020-04-01";"00:43"
"Ttrruuces";"Sensations Of Cool";"2020-04-01";"00:39"
"Hot Chip";"Huarache Lights";"2020-04-01";"00:32"
"Patti Smith";"Frederick";"2020-04-01";"00:29"
"Sorry";"Right Round The Clock";"2020-04-01";"00:25"
"Pj Harvey";"When Under Ether";"2020-04-01";"00:23"
"Last Train";"The Idea Of Someone";"2020-04-01";"00:16"
"Algiers";"Dispossession";"2020-04-01";"00:12"
"Primal Scream";"Loaded";"2020-04-01";"00:08"
"Johnossi";"Longer The Wait, Harder The Fall";"2020-04-01";"00:04"
"Belle And Sebastian";"The Blues Are Still Blue";"2020-03-31";"23:57"
"Starcrawler";"No More Pennies";"2020-03-31";"23:50"
"Morrissey";"Bobby, Don't You Think They Know";"2020-03-31";"23:46"
"Blur";"Beetlebum";"2020-03-31";"23:41"
"The Slow Readers Club";"All I Hear";"2020-03-31";"23:38"
"Alt-J";"In Cold Blood";"2020-03-31";"23:31"
"David Bowie";"Oh! You Pretty Things";"2020-03-31";"23:28"
"Babyshambles";"Albion";"2020-03-31";"23:21"
"Sam Fender";"Hypersonic Missiles";"2020-03-31";"23:14"
"Nothing But Thieves";"Is Everybody Going Crazy?";"2020-03-31";"23:11"
"Beastie Boys";"Sabotage";"2020-03-31";"23:08"
"Barns Courtney";"Hollow";"2020-03-31";"23:04"
"Muse";"Can't Take My Eyes Off Of You";"2020-03-31";"22:56"
"The Lemon Twigs";"The One";"2020-03-31";"22:54"
"Allusinlove";"All Good People";"2020-03-31";"22:49"
"Biffy Clyro";"Instant History";"2020-03-31";"22:46"
"R.e.m.";"Radio Free Europe";"2020-03-31";"22:42"
"U.s. Girls";"Overtime";"2020-03-31";"22:39"
"Arctic Monkeys";"I Wanna Be Yours";"2020-03-31";"22:33"
"Elton John";"Rocket Man";"2020-03-31";"22:28"
"Love Fame Tragedy";"Riding A Wave";"2020-03-31";"22:25"
"Phoenix";"Long Distance Call";"2020-03-31";"22:21"
"Karen O & Danger Mouse";"Woman";"2020-03-31";"22:16"
"David Shaw And The Beat";"Please Please Please";"2020-03-31";"22:11"
"Radiohead";"My Iron Lung";"2020-03-31";"22:06"
"Hinds";"Riding Solo";"2020-03-31";"22:03"
"Half Moon Run";"Then Again";"2020-03-31";"22:00"
"New Order";"Crystal";"2020-03-31";"21:56"
"The Smashing Pumpkins";"Tonight, Tonight";"2020-03-31";"21:52"
"Bombay Bicycle Club";"Everything Else Has Gone Wrong";"2020-03-31";"21:47"
"Jake Bugg";"Kiss Like The Sun";"2020-03-31";"21:44"
"The Undertones";"Here Comes The Summer";"2020-03-31";"21:39"
"Hey Hey My My";"Plastic Life";"2020-03-31";"21:36"
"Lana Del Rey";"Video Games";"2020-03-31";"21:32"
"Nada Surf";"So Much Love";"2020-03-31";"21:29"
"Gaz Coombes";"Deep Pockets";"2020-03-31";"21:25"
"Jil Is Lucky";"Off The Wall";"2020-03-31";"21:22"
"Pulp";"Do You Remember The First Time?";"2020-03-31";"21:17"
"The Jaded Hearts Club";"Nobody But Me";"2020-03-31";"21:15"
"Death In Vegas";"Scorpio Rising (Feat. Liam Gallagher)";"2020-03-31";"21:06"
"Animal Triste";"Shake Shake Shake";"2020-03-31";"21:03"
"Cigarettes After Sex";"Heavenly";"2020-03-31";"20:59"
"Creeper";"Cyanide";"2020-03-31";"20:55"
"The Cure";"Lullaby";"2020-03-31";"20:51"
"Cold War Kids";"Who's Gonna Love Me Now";"2020-03-31";"20:48"
"Cage The Elephant";"Social Cues";"2020-03-31";"20:45"
"Editors";"A Ton Of Love";"2020-03-31";"20:41"
"Sex Pistols";"God Save The Queen";"2020-03-31";"20:37"
"Ash";"Darkest Hour Of The Night";"2020-03-31";"20:34"
"Razorlight";"America";"2020-03-31";"20:30"
"Mnnqns";"Bored In This Town";"2020-03-31";"20:23"
"Asgeir";"Until Daybreak";"2020-03-31";"20:20"
"Radiohead";"Exit Music (For A Film)";"2020-03-31";"20:16"
"Finley Quaye";"Vocal Honey";"2020-03-31";"20:12"
"Cocoon";"American Boy";"2020-03-31";"20:05"
"Demob Happy";"Mother Machine";"2020-03-31";"20:02"
"Jeanne Added";"Both Sides";"2020-03-31";"19:58"
"Sorry";"Right Round The Clock";"2020-03-31";"19:55"
"Compulsion";"Mall Monarchy";"2020-03-31";"19:53"
"Jehnny Beth";"Flower";"2020-03-31";"19:49"
"Heymoonshaker";"Take The Reins";"2020-03-31";"19:43"
"Kraftwerk";"Radioactivity";"2020-03-31";"19:36"
"Vile Assembly";"Propaganda";"2020-03-31";"19:33"
"Naive New Beaters";"Just Another Day";"2020-03-31";"19:30"
"Two Door Cinema Club";"Satellite";"2020-03-31";"19:22"
"The Districts";"Hey Jo";"2020-03-31";"19:18"
"Eels";"Novocaine For The Soul";"2020-03-31";"19:15"
"Peter Von Poehl";"The Story Of The Impossible";"2020-03-31";"19:05"
"The Big Moon";"Your Light";"2020-03-31";"19:00"
"Richard Hawley";"Alone";"2020-03-31";"18:57"
"Biffy Clyro";"Instant History";"2020-03-31";"18:54"
"The Stranglers";"Golden Brown";"2020-03-31";"18:50"
"Lee-Ann Curren";"White Lies";"2020-03-31";"18:47"
"Moriarty";"Long Live The (D)Evil";"2020-03-31";"18:40"
"John Lennon";"How Do You Sleep ? (Remastered)";"2020-03-31";"18:35"
"Johnossi";"Longer The Wait, Harder The Fall";"2020-03-31";"18:31"
"Tunng";"Bullets";"2020-03-31";"18:27"
"Half Moon Run";"Then Again";"2020-03-31";"18:24"
"Band Of Skulls";"Cool Your Battles";"2020-03-31";"18:21"
"King Krule";"Cellular";"2020-03-31";"18:18"
"David Bowie";"Absolute Beginners";"2020-03-31";"18:12"
"Morrissey";"Bobby, Don't You Think They Know";"2020-03-31";"18:09"
"Jake Bugg";"Kiss Like The Sun";"2020-03-31";"18:06"
"Vampire Weekend";"Holiday";"2020-03-31";"18:04"
"Jade Bird";"Uh Huh";"2020-03-31";"17:58"
"Love Fame Tragedy";"Riding A Wave";"2020-03-31";"17:55"
"The Clash";"Should I Stay Or Should I Go";"2020-03-31";"17:52"
"Algiers";"Dispossession";"2020-03-31";"17:48"
"Nada Surf";"So Much Love";"2020-03-31";"17:45"
"Florence The Machine";"Ship To Wreck";"2020-03-31";"17:41"
"Iggy Pop";"Lust For Life";"2020-03-31";"17:36"
"Hinds";"Riding Solo";"2020-03-31";"17:32"
"Franz Ferdinand";"Walk Away";"2020-03-31";"17:29"
"Bloody Kness";"Reel";"2020-03-31";"17:22"
"Nothing But Thieves";"Is Everybody Going Crazy?";"2020-03-31";"17:19"
"Frankie Goes To Hollywood";"The Power Of Love";"2020-03-31";"17:13"
"Gorillaz";"Momentary Bliss (Feat. Slowthai & Slaves)";"2020-03-31";"17:10"
"Justice Vs Simian";"We Are Your Friends";"2020-03-31";"17:03"
"The Lemon Twigs";"The One";"2020-03-31";"17:01"
"Barns Courtney";"Hollow";"2020-03-31";"16:53"
"Nick Lowe";"I Knew The Bride";"2020-03-31";"16:49"
"U.s. Girls";"Overtime";"2020-03-31";"16:46"
"Gush";"Siblings";"2020-03-31";"16:40"
"Robert Wyatt";"I'm A Believer";"2020-03-31";"16:35"
"Creeper";"Cyanide";"2020-03-31";"16:32"
"Arcade Fire";"Ready To Start";"2020-03-31";"16:28"
"Anteros";"Call Your Mother";"2020-03-31";"16:22"
"Jackie Lynn";"Shugar Water";"2020-03-31";"16:17"
"Grant Lee Buffalo";"Fuzzy";"2020-03-31";"16:13"
"Hey Hey My My";"Plastic Life";"2020-03-31";"16:10"
"Air";"Radio #1";"2020-03-31";"16:03"
"David Shaw And The Beat";"Please Please Please";"2020-03-31";"15:58"
"The Vaccines";"I Can't Quit";"2020-03-31";"15:56"
"Ash";"Darkest Hour Of The Night";"2020-03-31";"15:52"
"Cake";"Never There";"2020-03-31";"15:49"
"The Growlers";"Natural Affair";"2020-03-31";"15:46"
"Father John Misty";"I Love You, Honeybear";"2020-03-31";"15:37"
"Dr. Feelgood";"Milk And Alcohol";"2020-03-31";"15:34"
"Finley Quaye";"Vocal Honey";"2020-03-31";"15:30"
"Boogers";"Lost My Lungs";"2020-03-31";"15:26"
"Toy";"Fun City";"2020-03-31";"15:18"
"Ttrruuces";"Sensations Of Cool";"2020-03-31";"15:14"
"Pixies";"Monkey Gone To Heaven";"2020-03-31";"15:11"
"Sorry";"Right Round The Clock";"2020-03-31";"15:08"
"Nouvelle Vague";"Dancing With Myself";"2020-03-31";"15:02"
"Bombay Bicycle Club";"Everything Else Has Gone Wrong";"2020-03-31";"14:58"
"Big Thief";"Not";"2020-03-31";"14:54"
"Vile Assembly";"Propaganda";"2020-03-31";"14:51"
"Lloyd Cole";"Perfect Skin";"2020-03-31";"14:48"
"Jil Is Lucky";"Off The Wall";"2020-03-31";"14:44"
"Half Moon Run";"Then Again";"2020-03-31";"14:41"
"Alabama Shakes";"Don't Wanna Fight";"2020-03-31";"14:37"
"Marianne Faithfull";"Broken English";"2020-03-31";"14:33"
"Rinocerose";"Cubicle";"2020-03-31";"14:26"
"Jake Bugg";"Kiss Like The Sun";"2020-03-31";"14:23"
"Beck";"Saw Lightning (Feat. Pharrell Williams)";"2020-03-31";"14:20"
"Animal Triste";"Shake Shake Shake";"2020-03-31";"14:17"
"Sonic Youth";"Sugar Kane";"2020-03-31";"14:11"
"The Jaded Hearts Club";"Nobody But Me";"2020-03-31";"14:09"
"Nada Surf";"So Much Love";"2020-03-31";"14:05"
"Woodkid";"Iron";"2020-03-31";"14:02"
"Cold War Kids";"Who's Gonna Love Me Now";"2020-03-31";"13:59"
"Iguana Death Cult";"Liquify";"2020-03-31";"13:54"
"Biffy Clyro";"Instant History";"2020-03-31";"13:51"
"Asgeir";"Until Daybreak";"2020-03-31";"13:48"
"Flavien Berger";"La Fete Noire";"2020-03-31";"13:41"
"Pink Floyd";"Comfortably Numb";"2020-03-31";"13:35"
"Johnossi";"Longer The Wait, Harder The Fall";"2020-03-31";"13:31"
"Tindersticks";"Trouble Every Day";"2020-03-31";"13:25"
"Cage The Elephant";"Social Cues";"2020-03-31";"13:22"
"Mini Mansions";"Hey Lover (Feat. Alison Mosshart)";"2020-03-31";"13:16"
"The Slow Readers Club";"All I Hear";"2020-03-31";"13:13"
"Morrissey";"Bobby, Don't You Think They Know";"2020-03-31";"13:09"
"Sufjan Stevens";"Chicago";"2020-03-31";"13:01"
"Jehnny Beth";"Flower";"2020-03-31";"12:58"
"Balthazar";"Fever";"2020-03-31";"12:52"
"Love Fame Tragedy";"Riding A Wave";"2020-03-31";"12:49"
"The Districts";"Hey Jo";"2020-03-31";"12:45"
"Kasabian";"Eez-Eh";"2020-03-31";"12:39"
"Blondie";"The Tide Is High";"2020-03-31";"12:35"
"Hinds";"Riding Solo";"2020-03-31";"12:32"
"The Fratellis";"Henrietta";"2020-03-31";"12:28"
"Noel Gallagher's High Flying...";"This Is The Place";"2020-03-31";"12:21"
"Demob Happy";"Mother Machine";"2020-03-31";"12:17"
"Fatboy Slim";"Rockafeller Skank";"2020-03-31";"12:13"
"Gorillaz";"Momentary Bliss (Feat. Slowthai & Slaves)";"2020-03-31";"12:09"
"Antony And The Johnsons";"You Are My Sister";"2020-03-31";"12:01"
"The Big Moon";"Your Light";"2020-03-31";"11:56"
"The Raconteurs";"Now That You're Gone";"2020-03-31";"11:52"
"Creeper";"Cyanide";"2020-03-31";"11:49"
"The Damned";"Eloise";"2020-03-31";"11:44"
"Lee-Ann Curren";"White Lies";"2020-03-31";"11:40"
"Tv On The Radio";"Happy Idiot";"2020-03-31";"11:34"
"Van Morrison";"Brown Eyed Girl";"2020-03-31";"11:31"
"Barns Courtney";"Hollow";"2020-03-31";"11:28"
"Radiohead";"Knives Out";"2020-03-31";"11:24"
"Manic Street Preachers";"People Give In";"2020-03-31";"11:17"
"King Krule";"Cellular";"2020-03-31";"11:14"
"Garbage";"Stupid Girl";"2020-03-31";"11:10"
"Hey Hey My My";"Plastic Life";"2020-03-31";"11:07"
"Half Moon Run";"Then Again";"2020-03-31";"11:03"
"David Bowie";"Waterloo Sunset";"2020-03-31";"11:00"
"Fontaines D.c.";"Roy's Tune";"2020-03-31";"10:53"
"Ash";"Darkest Hour Of The Night";"2020-03-31";"10:50"
"Cat Power";"Nude As The News";"2020-03-31";"10:46"
"Algiers";"Dispossession";"2020-03-31";"10:41"
"Jake Bugg";"Kiss Like The Sun";"2020-03-31";"10:38"
"The Hives";"Go Right Ahead";"2020-03-31";"10:35"
"Dusty Springfield";"You Don't Have To Say You Love Me";"2020-03-31";"10:32"
"Finley Quaye";"Vocal Honey";"2020-03-31";"10:29"
"Puggy";"When You Know";"2020-03-31";"10:26"
"Nada Surf";"So Much Love";"2020-03-31";"10:23"
"Frank Carter & The Rattlesnakes";"Crowbar";"2020-03-31";"10:20"
"Nothing But Thieves";"Is Everybody Going Crazy?";"2020-03-31";"10:17"
"The Pretenders";"Don't Get Me Wrong";"2020-03-31";"10:13"
"Sorry";"Right Round The Clock";"2020-03-31";"10:10"
"Stephen Malkmus";"Ballad Of A Thin Man";"2020-03-31";"10:00"
"The Lemon Twigs";"The One";"2020-03-31";"09:57"
"Enter Shikari";"Stop The Clocks";"2020-03-31";"09:53"
"Vile Assembly";"Propaganda";"2020-03-31";"09:50"
"Jeff Buckley";"Hallelujah";"2020-03-31";"09:46"
"U.s. Girls";"Overtime";"2020-03-31";"09:44"
"Cage The Elephant";"Social Cues";"2020-03-31";"09:39"
"Pj Harvey";"The Community Of Hope";"2020-03-31";"09:37"
"The Rolling Stones";"Under My Thumb";"2020-03-31";"09:34"
"Daft Punk";"Harder Better Faster Stronger";"2020-03-31";"09:27"
"Teleman";"Cactus";"2020-03-31";"09:20"
"David Shaw And The Beat";"Please Please Please";"2020-03-31";"09:15"
"Blur";"To The End (La Comedie) (Feat. Francoise Hardy)";"2020-03-31";"09:10"
"Biffy Clyro";"Instant History";"2020-03-31";"09:07"
"Depeche Mode";"Freelove";"2020-03-31";"09:00"
"The Growlers";"Natural Affair";"2020-03-31";"08:56"
"Supergrass";"Next To You";"2020-03-31";"08:53"
"Morrissey";"Bobby, Don't You Think They Know";"2020-03-31";"08:50"
"The Cure";"Just Like Heaven";"2020-03-31";"08:47"
"Bombay Bicycle Club";"Everything Else Has Gone Wrong";"2020-03-31";"08:42"
"Fidlar";"Why Generation";"2020-03-31";"08:35"
"The Beach Boys";"Sail On Sailor";"2020-03-31";"08:32"
"Johnossi";"Longer The Wait, Harder The Fall";"2020-03-31";"08:28"
"The Kills";"The Good Ones";"2020-03-31";"08:24"
"Shame";"One Rizla";"2020-03-31";"08:16"
"Jil Is Lucky";"Off The Wall";"2020-03-31";"08:13"
"Portishead";"Glory Box";"2020-03-31";"08:10"
"The Waterboys";"The Whole Of The Moon";"2020-03-31";"05:08"
"Creeper";"Cyanide";"2020-03-31";"05:07"
"Suzanne Vega";"Caramel";"2020-03-31";"04:58"
"The Clash";"This Is Radio Clash";"2020-03-31";"04:43"
"Brns";"Pious Platitudes";"2020-03-31";"03:34"
"David Bowie";"Diamond Dogs";"2020-03-31";"03:28"
"Sorry";"Right Round The Clock";"2020-03-31";"03:24"
"Death Cab For Cutie";"Gold Rush";"2020-03-31";"03:15"
"The Jam";"That's Entertainment";"2020-03-31";"03:07"
"Love Fame Tragedy";"Riding A Wave";"2020-03-31";"03:06"
"Bloc Party";"Helicopter";"2020-03-31";"02:57"
"David Shaw And The Beat";"Please Please Please";"2020-03-31";"02:56"
"Vampire Weekend";"This Life";"2020-03-31";"02:48"
"Barns Courtney";"Hollow";"2020-03-31";"02:44"
"U2";"Pride (In The Name Of Love)";"2020-03-31";"02:43"
"Eugene Mcguinness";"Shotgun";"2020-03-31";"02:33"
"Hinds";"Riding Solo";"2020-03-31";"02:24"
"Interpol";"The Heinrich Maneuver";"2020-03-31";"02:21"
"Cage The Elephant";"Social Cues";"2020-03-31";"02:19"
"Bat For Lashes";"Kids In The Dark";"2020-03-31";"02:15"
"King Krule";"Cellular";"2020-03-31";"02:12"
"Modern English";"I Melt With You";"2020-03-31";"02:08"
"Gorillaz";"Momentary Bliss (Feat. Slowthai & Slaves)";"2020-03-31";"02:05"
"Hooverphonic";"Mad About You";"2020-03-31";"01:58"
"Bombay Bicycle Club";"Everything Else Has Gone Wrong";"2020-03-31";"01:54"
"Night Beats";"Her Cold Cold Heart";"2020-03-31";"01:50"
"Hey Hey My My";"Plastic Life";"2020-03-31";"01:47"
"The Pogues";"Dirty Old Town";"2020-03-31";"01:44"
"Jil Is Lucky";"Off The Wall";"2020-03-31";"01:40"
"Arcade Fire";"Put Your Money On Me";"2020-03-31";"01:32"
"Sparks";"This Town Ain't Big Enough";"2020-03-31";"01:30"
"The Jaded Hearts Club";"Nobody But Me";"2020-03-31";"01:27"
"Teitur";"Catherine The Waitress";"2020-03-31";"01:24"
"Nothing But Thieves";"Is Everybody Going Crazy?";"2020-03-31";"01:13"
"Edwyn Collins";"A Girl Like You";"2020-03-31";"01:08"
"Ash";"Darkest Hour Of The Night";"2020-03-31";"01:05"
"Broken Bells";"The High Road";"2020-03-31";"00:56"
"Animal Triste";"Shake Shake Shake";"2020-03-31";"00:53"
"Greta Van Fleet";"When The Curtain Falls";"2020-03-31";"00:49"
"Finley Quaye";"Vocal Honey";"2020-03-31";"00:46"
"The Prodigy";"Firestarter";"2020-03-31";"00:41"
"Cold War Kids";"Who's Gonna Love Me Now";"2020-03-31";"00:38"
"Beck";"Up All Night";"2020-03-31";"00:31"
"Television";"Marquee Moon";"2020-03-31";"00:27"
"Arctic Monkeys";"Crying Lightning";"2020-03-31";"00:20"
"The National";"You Had Your Soul With You";"2020-03-31";"00:14"
"Happy Mondays";"Step On";"2020-03-31";"00:06"
"Vile Assembly";"Propaganda";"2020-03-31";"00:02"
"Half Moon Run";"Then Again";"2020-03-30";"23:59"
"Them Crooked Vultures";"New Fang";"2020-03-30";"23:55"
"Jehnny Beth";"Flower";"2020-03-30";"23:52"
"William Z Villain";"Something Beautiful";"2020-03-30";"23:49"
"Creeper";"Cyanide";"2020-03-30";"23:45"
"Radiohead";"Street Spirit (Fade Out)";"2020-03-30";"23:41"
"Jackie Lynn";"Shugar Water";"2020-03-30";"23:36"
"Jake Bugg";"Kiss Like The Sun";"2020-03-30";"23:33"
"Nick Waterhouse";"This Is A Game";"2020-03-30";"23:30"
"The B-52'S";"52 Girls";"2020-03-30";"23:27"
"Biffy Clyro";"Instant History";"2020-03-30";"23:24"
"Franz Ferdinand";"Ulysses";"2020-03-30";"23:21"
"Nada Surf";"So Much Love";"2020-03-30";"23:21"
"Cage The Elephant";"Social Cues";"2020-03-30";"19:57"
"The Fall";"Cruiser's Creek";"2020-03-30";"19:57"
"Little Barrie";"Love Or Love";"2020-03-30";"18:44"
"Lou Reed";"Coney Island Baby";"2020-03-30";"18:43"
"Vile Assembly";"Propaganda";"2020-03-30";"18:34"
"Elysian Fields";"Set The Grass On Fire";"2020-03-30";"18:31"
"Declan Mckenna";"Beautiful Faces";"2020-03-30";"18:27"
"Stereophonics";"Fly Like An Eagle";"2020-03-30";"18:23"
"Cold War Kids";"Who's Gonna Love Me Now";"2020-03-30";"18:20"
"Beastie Boys";"Sure Shot";"2020-03-30";"18:17"
"Half Moon Run";"Then Again";"2020-03-30";"18:14"
"Tame Impala";"Lost In Yesterday";"2020-03-30";"18:10"
"Gossip";"Heavy Cross";"2020-03-30";"18:06"
"Asgeir";"Until Daybreak";"2020-03-30";"18:03"
"Ezra Furman";"Love You So Bad";"2020-03-30";"18:00"
"Nada Surf";"So Much Love";"2020-03-30";"17:57"
"Pulp";"Disco 2000";"2020-03-30";"17:52"
"Creeper";"Cyanide";"2020-03-30";"17:48"
"Liam Gallagher";"Now That I've Found You";"2020-03-30";"17:45"
"Primal Scream";"(Feeling Like A) Demon Again";"2020-03-30";"17:41"
"The Yardbirds";"For Your Love";"2020-03-30";"17:38"
"Biffy Clyro";"Instant History";"2020-03-30";"17:35"
"Absynthe Minded";"Envoi";"2020-03-30";"17:31"
"James Righton";"The Performer";"2020-03-30";"17:28"
"Temples";"Hot Motion";"2020-03-30";"17:24"
"Jehnny Beth";"Flower";"2020-03-30";"17:21"
"Muse";"Unintended";"2020-03-30";"17:17"
"Johnossi";"Longer The Wait, Harder The Fall";"2020-03-30";"17:13"
"Circa Waves";"Jacqueline";"2020-03-30";"17:11"
"Radiohead";"Reckoner";"2020-03-30";"17:06"
"Morrissey";"Bobby, Don't You Think They Know";"2020-03-30";"17:03"
"Aldous Harding";"Fixture Picture";"2020-03-30";"16:59"
"Love Fame Tragedy";"Riding A Wave";"2020-03-30";"16:56"
"The Breeders";"Cannonball";"2020-03-30";"16:53"
"The Districts";"Hey Jo";"2020-03-30";"16:48"
"Warmduscher";"Disco Peanuts";"2020-03-30";"16:45"
"Hanni El Khatib";"Melt Me";"2020-03-30";"16:41"
"Bob Dylan";"Positively 4th Street";"2020-03-30";"16:37"
"Hinds";"Riding Solo";"2020-03-30";"16:34"
"Jake Bugg";"Kiss Like The Sun";"2020-03-30";"16:28"
"Andrew Bird";"Sisyphus";"2020-03-30";"16:24"
"Sorry";"Right Round The Clock";"2020-03-30";"16:21"
"Placebo";"Without You I'm Nothing (Feat. David Bowie)";"2020-03-30";"16:17"
"Gorillaz";"Momentary Bliss (Feat. Slowthai & Slaves)";"2020-03-30";"16:13"
"Desperate Journalist";"Ocean Wave";"2020-03-30";"16:10"
"Noel Gallagher's High Flying...";"If I Had A Gun";"2020-03-30";"16:06"
"The Big Moon";"Your Light";"2020-03-30";"16:01"
"The Smashing Pumpkins";"Silvery Sometimes (Ghosts)";"2020-03-30";"15:57"
"The Strokes";"Bad Decisions";"2020-03-30";"15:53"
"The Cure";"In Between Days";"2020-03-30";"15:50"
"Barns Courtney";"Hollow";"2020-03-30";"15:46"
"Baxter Dury";"Slumlord";"2020-03-30";"15:43"
"Isobel Campbell & Mark Lanegan";"Ramblin' Man";"2020-03-30";"12:02"
"Jil Is Lucky";"Off The Wall";"2020-03-30";"12:01"
"Love Fame Tragedy";"Riding A Wave";"2020-03-30";"11:53"
"Animal Triste";"Shake Shake Shake";"2020-03-30";"11:43"
"Ian Dury";"Wake Up And Make Love";"2020-03-30";"11:33"
"Tall Heights";"The Deep End";"2020-03-30";"10:20"
"Jake Bugg";"Kiss Like The Sun";"2020-03-30";"09:03"
"Garbage";"I Think I'm Paranoid";"2020-03-30";"07:46"
"Bloc Party";"Truth";"2020-03-30";"07:36"
"Eels";"Mr E's Beautiful Blues";"2020-03-30";"06:22"
"James Righton";"The Performer";"2020-03-30";"06:20"
"The Jaded Hearts Club";"Nobody But Me";"2020-03-30";"06:12"
"Morrissey";"You're The One For Me, Fatty";"2020-03-30";"06:09"
"Gorillaz";"Momentary Bliss (Feat. Slowthai & Slaves)";"2020-03-30";"06:06"
"Justice";"D.a.n.c.e";"2020-03-30";"05:59"
"The Growlers";"Natural Affair";"2020-03-30";"05:55"
"Bandit Bandit";"Maux";"2020-03-30";"05:53"
"John Martyn";"Glory Box";"2020-03-30";"05:46"
"Bombay Bicycle Club";"Everything Else Has Gone Wrong";"2020-03-30";"05:38"
"Warmduscher";"Disco Peanuts";"2020-03-30";"05:34"
"Lana Del Rey";"Blue Jeans";"2020-03-30";"05:33"
"The Bewitched Hands";"Work";"2020-03-30";"05:22"
"Jake Bugg";"Kiss Like The Sun";"2020-03-30";"05:20"
"Finley Quaye";"Vocal Honey";"2020-03-30";"04:06"
"Air";"Sexy Boy";"2020-03-30";"00:43"
"Lee-Ann Curren";"White Lies";"2020-03-30";"00:40"
"David Bowie";"Lazarus";"2020-03-30";"00:33"
"Blossoms";"The Keeper";"2020-03-30";"00:22"
"Mini Mansions";"Hey Lover (Feat. Alison Mosshart)";"2020-03-30";"00:16"
"Algiers";"Dispossession";"2020-03-30";"00:12"
"Manic Street Preachers";"If You Tolerate This Your Children Will Be Next";"2020-03-30";"00:07"
"Hey Hey My My";"Plastic Life";"2020-03-30";"00:04"
"Declan Mckenna";"Beautiful Faces";"2020-03-30";"00:00"
"The Moldy Peaches";"Anyone Else But You";"2020-03-29";"23:58"
"U.s. Girls";"Overtime";"2020-03-29";"23:55"
"Toy";"Sequence One";"2020-03-29";"23:50"
"Cage The Elephant";"Social Cues";"2020-03-29";"23:47"
"Soft Cell";"Tainted Love";"2020-03-29";"23:44"
"David Shaw And The Beat";"Please Please Please";"2020-03-29";"23:38"
"Tame Impala";"Lost In Yesterday";"2020-03-29";"23:35"
"Foals";"Birch Tree";"2020-03-29";"23:31"
"13th Floor Elevators";"You're Gonna Miss Me";"2020-03-29";"23:29"
"Ash";"Darkest Hour Of The Night";"2020-03-29";"23:25"
"Joe Strummer & The Mescaleros";"Redemption Song";"2020-03-29";"23:22"
"Liam Gallagher";"Now That I've Found You";"2020-03-29";"23:18"
"L'epee";"Dreams";"2020-03-29";"23:15"
"The Jaded Hearts Club";"Nobody But Me";"2020-03-29";"23:13"
"The Romantics";"Talking In Your Sleep";"2020-03-29";"23:09"
"La Roux";"International Woman Of Leisure";"2020-03-29";"23:04"
"James Righton";"The Performer";"2020-03-29";"23:01"
"Cat Power";"I Love You (Me Either)";"2020-03-29";"22:56"
"The Growlers";"Natural Affair";"2020-03-29";"22:52"
"Iguana Death Cult";"Liquify";"2020-03-29";"22:47"
"Finley Quaye";"Vocal Honey";"2020-03-29";"22:44"
"Mercury Rev";"Goddess On A Hiway";"2020-03-29";"22:41"
"Bombay Bicycle Club";"Everything Else Has Gone Wrong";"2020-03-29";"22:36"
"Circa Waves";"Jacqueline";"2020-03-29";"22:33"
"Beck";"Dear Life";"2020-03-29";"22:30"
"Buzzcocks";"Ever Fallen In Love (With Someone You Shouldn't've)";"2020-03-29";"22:28"
"Vile Assembly";"Propaganda";"2020-03-29";"22:24"
"The Rodeo";"On The Radio";"2020-03-29";"22:20"
"Warmduscher";"Disco Peanuts";"2020-03-29";"22:16"
"Charlie Winston";"Photograph";"2020-03-29";"22:14"
"Jil Is Lucky";"Off The Wall";"2020-03-29";"22:10"
"Placebo";"Pure Morning";"2020-03-29";"22:06"
"Half Moon Run";"Then Again";"2020-03-29";"22:03"
"Jake Bugg";"Kiss Like The Sun";"2020-03-29";"22:00"
"Avi Buffalo";"What's In It For";"2020-03-29";"21:56"
"Massive Attack";"Teardrop";"2020-03-29";"21:51"
"Asgeir";"Until Daybreak";"2020-03-29";"21:48"
"Desperate Journalist";"Ocean Wave";"2020-03-29";"21:45"
"The Fat White Family";"I Am Mark E Smith";"2020-03-29";"21:40"
"Bob Dylan";"I'll Be Your Baby Tonight";"2020-03-29";"21:38"
"Biffy Clyro";"Instant History";"2020-03-29";"21:35"
"Radiohead";"2 2=5";"2020-03-29";"21:32"
"Baxter Dury";"Slumlord";"2020-03-29";"21:28"
"Tamino";"Crocodile";"2020-03-29";"21:25"
"Creeper";"Cyanide";"2020-03-29";"21:21"
"Nirvana";"Love Buzz";"2020-03-29";"21:18"
"Johnossi";"Longer The Wait, Harder The Fall";"2020-03-29";"21:14"
"Desert Sessions";"Something You Can't See";"2020-03-29";"21:11"
"The Dead 60'S";"Stand Up";"2020-03-29";"21:06"
"Morrissey";"Bobby, Don't You Think They Know";"2020-03-29";"21:03"
"Hawksley Workman";"Lazy";"2020-03-29";"20:59"
"Love Fame Tragedy";"Riding A Wave";"2020-03-29";"20:56"
"Primal Scream";"Movin' On Up";"2020-03-29";"20:53"
"Jehnny Beth";"Flower";"2020-03-29";"20:49"
"Blossoms";"The Keeper";"2020-03-29";"20:46"
"Cold War Kids";"So Tied Up";"2020-03-29";"20:43"
"Creedence Clearwater Revival";"Have You Ever Seen The Rain ?";"2020-03-29";"20:40"
"Hinds";"Riding Solo";"2020-03-29";"20:38"
"The Libertines";"Can't Stand Me Now";"2020-03-29";"20:34"
"Declan Mckenna";"Beautiful Faces";"2020-03-29";"20:31"
"Allusinlove";"All Good People";"2020-03-29";"20:26"
"The Districts";"Hey Jo";"2020-03-29";"20:22"
"Daft Punk";"Around The World";"2020-03-29";"20:18"
"The Strokes";"Bad Decisions";"2020-03-29";"20:13"
"Tame Impala";"Lost In Yesterday";"2020-03-29";"20:10"
"Kaiser Chiefs";"I Predict A Riot";"2020-03-29";"20:06"
"Sorry";"Right Round The Clock";"2020-03-29";"20:03"
"Arctic Monkeys";"Four Out Of Five";"2020-03-29";"19:59"
"Gorillaz";"Momentary Bliss (Feat. Slowthai & Slaves)";"2020-03-29";"19:55"
"Billy Idol";"Dancing With Myself";"2020-03-29";"19:52"
"The Big Moon";"Your Light";"2020-03-29";"19:46"
"Liam Gallagher";"Now That I've Found You";"2020-03-29";"19:43"
"Kings Of Leon";"Wait For Me";"2020-03-29";"19:40"
"David Bowie";"Boys Keep Swinging";"2020-03-29";"19:36"
"Jack Penate";"Murder";"2020-03-29";"19:33"
"Belle And Sebastian";"Step Into My Office, Baby";"2020-03-29";"19:29"
"James Righton";"The Performer";"2020-03-29";"19:25"
"Biche";"Kepler, Kepler";"2020-03-29";"19:21"
"Foals";"Like Lightning";"2020-03-29";"19:17"
"Green Day";"Good Riddance (Time Of Your Life)";"2020-03-29";"19:15"
"Hey Hey My My";"Plastic Life";"2020-03-29";"19:12"
"Circa Waves";"Jacqueline";"2020-03-29";"19:09"
"Franz Ferdinand";"The Dark Of The Matinee";"2020-03-29";"19:05"
"Barns Courtney";"Hollow";"2020-03-29";"19:02"
"Brittany Howard";"History Repeats";"2020-03-29";"18:59"
"Cage The Elephant";"Social Cues";"2020-03-29";"18:55"
"The Stone Roses";"Love Spreads";"2020-03-29";"18:49"
"The Ninth Wave";"Imitation";"2020-03-29";"18:46"
"Warmduscher";"Disco Peanuts";"2020-03-29";"18:42"
"Foxygen";"Follow The Leader";"2020-03-29";"18:38"
"Devo";"Mongoloid";"2020-03-29";"18:35"
"Ash";"Darkest Hour Of The Night";"2020-03-29";"18:31"
"The Rakes";"Open Book";"2020-03-29";"18:29"
"Jake Bugg";"Kiss Like The Sun";"2020-03-29";"18:26"
"The Dandy Warhols";"Motor City Steel";"2020-03-29";"18:23"
"The Lemon Twigs";"The One";"2020-03-29";"18:20"
"The Smiths";"There Is A Light That Never Goes Out";"2020-03-29";"18:16"
"La Roux";"International Woman Of Leisure";"2020-03-29";"18:12"
"Desperate Journalist";"Ocean Wave";"2020-03-29";"18:09"
"Ghinzu";"Do You Read Me";"2020-03-29";"18:05"
"Lee-Ann Curren";"White Lies";"2020-03-29";"18:01"
"Pixies";"On Graveyard Hill";"2020-03-29";"17:58"
"Finley Quaye";"Vocal Honey";"2020-03-29";"17:54"
"Propellerheads";"History Repeating (Feat. Shirley Bassey)";"2020-03-29";"17:51"
"Algiers";"Dispossession";"2020-03-29";"17:46"
"Baxter Dury";"Slumlord";"2020-03-29";"17:43"
"The Lumineers";"Ho Hey";"2020-03-29";"17:40"
"The Who";"The Punk And The Godfather";"2020-03-29";"17:35"
"Vile Assembly";"Propaganda";"2020-03-29";"17:32"
"The Temper Trap";"Sweet Disposition";"2020-03-29";"17:28"
"Desert Sessions";"Something You Can't See";"2020-03-29";"17:25"
"James Bay";"Pink Lemonade";"2020-03-29";"17:20"
"U.s. Girls";"Overtime";"2020-03-29";"17:18"
"Serge Gainsbourg";"Harley David Son Of A Bitch";"2020-03-29";"17:15"
"Half Moon Run";"Then Again";"2020-03-29";"17:11"
"Blossoms";"The Keeper";"2020-03-29";"17:10"
"Death In Vegas";"Aisha (Feat. Iggy Pop)";"2020-03-29";"13:50"
"Franz Ferdinand";"I'm Your Villain";"2020-03-29";"10:26"
"Baxter Dury";"Slumlord";"2020-03-29";"10:23"
"Cigarettes After Sex";"Heavenly";"2020-03-29";"10:19"
"U.s. Girls";"Overtime";"2020-03-29";"10:16"
"Portishead";"Sour Times";"2020-03-29";"10:12"
"Gorillaz";"Momentary Bliss (Feat. Slowthai & Slaves)";"2020-03-29";"10:09"
"Desert Sessions";"Something You Can't See";"2020-03-29";"10:05"
"Arcade Fire";"No Cars Go";"2020-03-29";"10:01"
"David Shaw And The Beat";"Please Please Please";"2020-03-29";"09:56"
"Girl In Red";"Bad Idea!";"2020-03-29";"09:53"
"The Strokes";"Bad Decisions";"2020-03-29";"09:48"
"The Smashing Pumpkins";"1979";"2020-03-29";"09:44"
"The Jaded Hearts Club";"Nobody But Me";"2020-03-29";"09:41"
"Blossoms";"The Keeper";"2020-03-29";"09:38"
"Christine And The Queens";"Cripple";"2020-03-29";"09:34"
"Roxy Music";"Virginia Plain";"2020-03-29";"09:31"
"Jack Penate";"Murder";"2020-03-29";"09:28"
"Yuksek";"Tonight";"2020-03-29";"09:25"
"Declan Mckenna";"Beautiful Faces";"2020-03-29";"09:21"
"Eels";"Today Is The Day";"2020-03-29";"09:18"
"Cold War Kids";"Who's Gonna Love Me Now";"2020-03-29";"09:15"
"Patti Smith";"People Have The Power";"2020-03-29";"09:10"
"Hey Hey My My";"Plastic Life";"2020-03-29";"09:07"
"Tame Impala";"Lost In Yesterday";"2020-03-29";"09:04"
"Joseph Arthur";"In The Sun";"2020-03-29";"09:00"
"The Growlers";"Natural Affair";"2020-03-29";"08:56"
"Jeanne Added";"Both Sides";"2020-03-29";"08:53"
"Cage The Elephant";"Social Cues";"2020-03-29";"08:49"
"Muse";"Muscle Museum";"2020-03-29";"08:45"
"Bombay Bicycle Club";"Everything Else Has Gone Wrong";"2020-03-29";"08:41"
"Liam Gallagher";"Now That I've Found You";"2020-03-29";"08:38"
"Temples";"Shelter Song";"2020-03-29";"08:35"
"David Bowie";"Golden Years";"2020-03-29";"08:31"
"Ash";"Darkest Hour Of The Night";"2020-03-29";"08:27"
"Placebo";"Protege-Moi";"2020-03-29";"08:24"
"James Righton";"The Performer";"2020-03-29";"08:20"
"Death Cab For Cutie";"Northern Lights";"2020-03-29";"08:16"
"Jil Is Lucky";"Off The Wall";"2020-03-29";"08:13"
"The B-52'S";"Love Shack";"2020-03-29";"08:08"
"Finley Quaye";"Vocal Honey";"2020-03-29";"08:05"
"Circa Waves";"Jacqueline";"2020-03-29";"08:02"
"Pony Pony Run Run";"Hey You";"2020-03-29";"07:59"
"Animal Triste";"Shake Shake Shake";"2020-03-29";"07:56"
"Grandepolis";"Change The Pathway";"2020-03-29";"07:52"
"Vile Assembly";"Propaganda";"2020-03-29";"07:48"
"Pulp";"Common People";"2020-03-29";"07:43"
"Asgeir";"Until Daybreak";"2020-03-29";"07:40"
"Warmduscher";"Disco Peanuts";"2020-03-29";"07:36"
"Findlay";"Waste My Time";"2020-03-29";"07:32"
"The Walker Brothers";"Make It Easy On Yourself";"2020-03-29";"07:29"
"La Roux";"International Woman Of Leisure";"2020-03-29";"07:25"
"Neimo";"Johnny Five";"2020-03-29";"07:22"
"Jake Bugg";"Kiss Like The Sun";"2020-03-29";"07:20"
"Antony And The Johnsons";"You Are My Sister";"2020-03-29";"04:00"
"Circa Waves";"Jacqueline";"2020-03-29";"00:38"
"Beth Ditto";"In And Out";"2020-03-29";"00:36"
"The Strokes";"Bad Decisions";"2020-03-29";"00:30"
"Arcade Fire";"Rebellion (Lies)";"2020-03-29";"00:23"
"Tunng";"Heatwave";"2020-03-29";"00:15"
"Creeper";"Cyanide";"2020-03-29";"00:13"
"Jake Bugg";"Kiss Like The Sun";"2020-03-29";"00:03"
"Cage The Elephant";"Social Cues";"2020-03-28";"22:49"
"Lloyd Cole & The Commotions";"Forest Fire";"2020-03-28";"22:47"
"Barns Courtney";"Hollow";"2020-03-28";"22:41"
"Blossoms";"The Keeper";"2020-03-28";"22:37"
"Baxter Dury";"Miami";"2020-03-28";"22:36"
"The Rolling Stones";"Ventilator Blues (Remastered)";"2020-03-28";"22:30"
"Algiers";"Dispossession";"2020-03-28";"21:16"
"Half Moon Run";"Then Again";"2020-03-28";"21:06"
"The Black Keys";"Howlin' For You";"2020-03-28";"21:00"
"James Righton";"The Performer";"2020-03-28";"17:39"
"Franz Ferdinand";"Always Ascending";"2020-03-28";"17:36"
"Finley Quaye";"Vocal Honey";"2020-03-28";"17:26"
"Cat Power";"Woman (Feat. Lana Del Rey)";"2020-03-28";"17:20"
"Creeper";"Cyanide";"2020-03-28";"17:13"
"Warmduscher";"Disco Peanuts";"2020-03-28";"17:01"
"Martina Topley Bird";"Baby Blue";"2020-03-28";"16:58"
"Jehnny Beth";"Flower";"2020-03-28";"16:55"
"Stereophonics";"Chaos From The Top Down";"2020-03-28";"16:51"
"Vile Assembly";"Propaganda";"2020-03-28";"16:48"
"Passions";"I'm In Love With A German Film Star";"2020-03-28";"16:44"
"The Districts";"Hey Jo";"2020-03-28";"16:40"
"Jake Bugg";"Kiss Like The Sun";"2020-03-28";"16:37"
"Bat For Lashes";"Sunday Love";"2020-03-28";"16:33"
"The Clash";"Lost In The Supermarket";"2020-03-28";"16:30"
"Ash";"Darkest Hour Of The Night";"2020-03-28";"16:26"
"Ryan Adams";"Wonderwall";"2020-03-28";"16:22"
"Desperate Journalist";"Ocean Wave";"2020-03-28";"16:19"
"Tamino";"Indigo Night";"2020-03-28";"16:15"
"Sorry";"Right Round The Clock";"2020-03-28";"16:12"
"Morrissey";"The More You Ignore Me, The Closer I Get";"2020-03-28";"16:08"
"Half Moon Run";"Then Again";"2020-03-28";"16:05"
"Baxter Dury";"Slumlord";"2020-03-28";"16:02"
"The Strokes";"Under Cover Of Darkness";"2020-03-28";"15:58"
"The Big Moon";"Your Light";"2020-03-28";"15:53"
"Cass Mccombs";"The Great Pixley Train Robbery";"2020-03-28";"15:49"
"Biffy Clyro";"Instant History";"2020-03-28";"15:46"
"Portishead";"Glory Box";"2020-03-28";"15:43"
"Barns Courtney";"Hollow";"2020-03-28";"15:39"
"Desert Sessions";"Something You Can't See";"2020-03-28";"15:36"
"Citizens!";"Waiting For You Lover";"2020-03-28";"15:32"
"Kraftwerk";"Trans-Europe Express";"2020-03-28";"15:25"
"Nada Surf";"So Much Love";"2020-03-28";"15:22"
"Lilly Wood And The Prick";"Down The Drain";"2020-03-28";"15:19"
"Blossoms";"The Keeper";"2020-03-28";"15:15"
"Karen O & Danger Mouse";"Woman";"2020-03-28";"15:13"
"The Ninth Wave";"Imitation";"2020-03-28";"15:10"
"The Pretenders";"Don't Get Me Wrong";"2020-03-28";"15:06"
"Love Fame Tragedy";"Riding A Wave";"2020-03-28";"15:03"
"Declan Mckenna";"Beautiful Faces";"2020-03-28";"15:00"
"Arctic Monkeys";"Brianstorm";"2020-03-28";"14:57"
"The Lemon Twigs";"The One";"2020-03-28";"14:54"
"Foals";"Exits";"2020-03-28";"14:50"
"Johnossi";"Longer The Wait, Harder The Fall";"2020-03-28";"14:47"
"R.e.m.";"Pop Song 89";"2020-03-28";"14:44"
"Lee-Ann Curren";"White Lies";"2020-03-28";"14:40"
"Tame Impala";"Lost In Yesterday";"2020-03-28";"14:37"
"Queens Of The Stone Age";"My God Is The Sun";"2020-03-28";"14:33"
"Gorillaz";"Momentary Bliss (Feat. Slowthai & Slaves)";"2020-03-28";"14:25"
"Jarvis Cocker";"I Just Came To Tell You That I'm Going (Feat. Kid Loco)";"2020-03-28";"14:21"
"Liam Gallagher";"Now That I've Found You";"2020-03-28";"14:18"
"Radio Elvis";"23 Minutes";"2020-03-28";"14:15"
"Algiers";"Dispossession";"2020-03-28";"14:10"
"The Pogues";"Fairytale Of New York (Feat. Kirsty Maccoll)";"2020-03-28";"14:06"
"Hinds";"Riding Solo";"2020-03-28";"14:03"
"James Righton";"The Performer";"2020-03-28";"13:59"
"Kings Of Leon";"Radioactive";"2020-03-28";"13:56"
"U.s. Girls";"Overtime";"2020-03-28";"13:53"
"Ten Tonnes";"G.i.v.e.";"2020-03-28";"13:50"
"Hey Hey My My";"Plastic Life";"2020-03-28";"13:47"
"Bjork";"Army Of Me";"2020-03-28";"13:43"
"David Shaw And The Beat";"Please Please Please";"2020-03-28";"13:38"
"Circa Waves";"Jacqueline";"2020-03-28";"13:36"
"Alt-J";"Left Hand Free";"2020-03-28";"13:33"
"The B-52'S";"Planet Claire";"2020-03-28";"13:28"
"The Strokes";"Bad Decisions";"2020-03-28";"13:24"
"Air";"Playground Love";"2020-03-28";"13:20"
"Warmduscher";"Disco Peanuts";"2020-03-28";"13:17"
"Gaz Coombes";"Deep Pockets";"2020-03-28";"13:13"
"The Jaded Hearts Club";"Nobody But Me";"2020-03-28";"13:10"
"Elvis Costello";"Everyday I Write The Book";"2020-03-28";"13:07"
"Cage The Elephant";"Social Cues";"2020-03-28";"13:03"
"Jake Bugg";"Kiss Like The Sun";"2020-03-28";"13:00"
"Primal Scream";"Country Girl";"2020-03-28";"12:56"
"Cold War Kids";"Who's Gonna Love Me Now";"2020-03-28";"12:53"
"Greta Van Fleet";"When The Curtain Falls";"2020-03-28";"12:49"
"La Roux";"International Woman Of Leisure";"2020-03-28";"12:47"
"The Smiths";"Bigmouth Strikes Again";"2020-03-28";"12:44"
"The Growlers";"Natural Affair";"2020-03-28";"12:40"
"Desperate Journalist";"Ocean Wave";"2020-03-28";"12:37"
"Noel Gallagher's High Flying...";"In The Heat Of The Moment";"2020-03-28";"12:33"
"Talking Heads";"Life During Wartime";"2020-03-28";"12:30"
"Jack Penate";"Murder";"2020-03-28";"12:26"
"Hanni El Khatib";"Dead Wrong";"2020-03-28";"12:23"
"Baxter Dury";"Slumlord";"2020-03-28";"12:19"
"John Butler Trio";"Home";"2020-03-28";"12:16"
"Bombay Bicycle Club";"Everything Else Has Gone Wrong";"2020-03-28";"12:12"
"Lloyd Cole";"No Blue Skies";"2020-03-28";"12:08"
"Finley Quaye";"Vocal Honey";"2020-03-28";"12:04"
"Desert Sessions";"Something You Can't See";"2020-03-28";"12:01"
"Phoenix";"If I Ever Feel Better";"2020-03-28";"11:57"
"Morrissey";"Bobby, Don't You Think They Know";"2020-03-28";"11:54"
"Beirut";"Landslide";"2020-03-28";"11:51"
"Ash";"Darkest Hour Of The Night";"2020-03-28";"11:47"
"New Order";"Blue Monday";"2020-03-28";"11:40"
"Jil Is Lucky";"Off The Wall";"2020-03-28";"11:35"
"Blossoms";"The Keeper";"2020-03-28";"11:32"
"David Bowie";"Valentine's Day";"2020-03-28";"11:29"
"The Kinks";"Till The End Of The Day";"2020-03-28";"11:27"
"Vile Assembly";"Propaganda";"2020-03-28";"11:24"
"Morcheeba";"Rome Wasn't Built In A Day";"2020-03-28";"11:20"
"Declan Mckenna";"Beautiful Faces";"2020-03-28";"11:17"
"H-Burns";"Crazy Ones";"2020-03-28";"11:13"
"Foals";"Like Lightning";"2020-03-28";"11:10"
"R.e.m.";"The One I Love";"2020-03-28";"11:06"
"Biffy Clyro";"Instant History";"2020-03-28";"11:03"
"Tame Impala";"Lost In Yesterday";"2020-03-28";"11:00"
"The Raconteurs";"Steady As She Goes";"2020-03-28";"10:56"
"Animal Triste";"Shake Shake Shake";"2020-03-28";"10:53"
"Iguana Death Cult";"Liquify";"2020-03-28";"10:48"
"Half Moon Run";"Then Again";"2020-03-28";"10:45"
"Pixies";"Where Is My Mind?";"2020-03-28";"10:41"
"Asgeir";"Until Daybreak";"2020-03-28";"10:38"
"Liam Gallagher";"Now That I've Found You";"2020-03-28";"10:35"
"Girls In Hawaii";"Walk";"2020-03-28";"10:32"
"The Cure";"A Forest";"2020-03-28";"10:27"
"Love Fame Tragedy";"Riding A Wave";"2020-03-28";"10:25"
"Rufus Wainwright";"Across The Universe";"2020-03-28";"10:21"
"James Righton";"The Performer";"2020-03-28";"10:17"
"Aldous Harding";"Fixture Picture";"2020-03-28";"10:13"
"Creeper";"Cyanide";"2020-03-28";"10:10"
"Sneaker Pimps";"6 Underground";"2020-03-28";"10:05"
"Johnossi";"Longer The Wait, Harder The Fall";"2020-03-28";"10:02"
"Circa Waves";"Jacqueline";"2020-03-28";"09:59"
"Cold War Kids";"Hospital Beds";"2020-03-28";"09:54"
"Jehnny Beth";"Flower";"2020-03-28";"09:51"
"Weezer";"Can't Knock The Hustle";"2020-03-28";"09:48"
"Donovan";"Barabajagal";"2020-03-28";"06:26"
"Devendra Banhart";"Long Haired Child";"2020-03-28";"06:18"
"Circa Waves";"Jacqueline";"2020-03-28";"06:15"
"Kaiser Chiefs";"Record Collection";"2020-03-28";"06:11"
"The Jaded Hearts Club";"Nobody But Me";"2020-03-28";"06:10"
"Depeche Mode";"Policy Of Truth";"2020-03-28";"06:05"
"Biffy Clyro";"Instant History";"2020-03-28";"06:02"
"Warmduscher";"Disco Peanuts";"2020-03-28";"05:58"
"The Dandy Warhols";"Bohemian Like You";"2020-03-28";"05:55"
"Cold War Kids";"Who's Gonna Love Me Now";"2020-03-28";"05:52"
"Iggy Pop";"Loves Missing";"2020-03-28";"05:47"
"Half Moon Run";"Then Again";"2020-03-28";"05:44"
"Lou Reed";"Dirty Boulevard";"2020-03-28";"05:41"
"The Growlers";"Natural Affair";"2020-03-28";"05:37"
"Jake Bugg";"Kiss Like The Sun";"2020-03-28";"05:34"
"The Strumbellas";"Spirits";"2020-03-28";"05:31"
"Pink Floyd";"Comfortably Numb";"2020-03-28";"05:25"
"Love Fame Tragedy";"Riding A Wave";"2020-03-28";"05:22"
"Dirty Pretty Things";"Bang Bang You're Dead";"2020-03-28";"05:19"
"Desperate Journalist";"Ocean Wave";"2020-03-28";"05:15"
"Temples";"Hot Motion";"2020-03-28";"05:12"
"Bombay Bicycle Club";"Everything Else Has Gone Wrong";"2020-03-28";"05:08"
"The Mike Flowers Pops";"Wonderwall";"2020-03-28";"05:04"
"Johnossi";"Longer The Wait, Harder The Fall";"2020-03-28";"05:01"
"Baxter Dury";"Slumlord";"2020-03-28";"04:57"
"Kate Nash";"Foundations";"2020-03-28";"04:54"
"Jil Is Lucky";"Off The Wall";"2020-03-28";"04:51"
"Mini Mansions";"Hey Lover (Feat. Alison Mosshart)";"2020-03-28";"04:45"
"Gorillaz";"Momentary Bliss (Feat. Slowthai & Slaves)";"2020-03-28";"04:42"
"The Stranglers";"Always The Sun";"2020-03-28";"04:38"
"Foals";"Like Lightning";"2020-03-28";"04:34"
"Desert Sessions";"Something You Can't See";"2020-03-28";"04:30"
"Norma";"Girl In The City";"2020-03-28";"04:28"
"Ian Dury & The Blockheads";"Hit Me With Your Rhythm Stick";"2020-03-28";"04:24"
"Nada Surf";"So Much Love";"2020-03-28";"04:21"
"Nine Inch Nails";"The Hand That Feeds";"2020-03-28";"04:17"
"Blossoms";"The Keeper";"2020-03-28";"04:14"
"The Raconteurs";"Now That You're Gone";"2020-03-28";"04:11"
"Animal Triste";"Shake Shake Shake";"2020-03-28";"04:07"
"Belle And Sebastian";"The Boy With The Arab Trap";"2020-03-28";"04:02"
"Hinds";"Riding Solo";"2020-03-28";"03:58"
"Declan Mckenna";"Beautiful Faces";"2020-03-28";"03:55"
"Arctic Monkeys";"I Bet You Look Good On The Dancefloor";"2020-03-28";"03:52"
"Asgeir";"Until Daybreak";"2020-03-28";"03:49"
"The Black Keys";"Lo/Hi";"2020-03-28";"03:47"
"The Strokes";"Bad Decisions";"2020-03-28";"03:42"
"Underworld";"Born Slippy";"2020-03-28";"03:38"
"Morrissey";"Bobby, Don't You Think They Know";"2020-03-28";"03:34"
"Tame Impala";"Lost In Yesterday";"2020-03-28";"03:31"
"The Struts";"Kiss This";"2020-03-28";"03:28"
"David Bowie";"Scary Monsters (And Super Creeps)";"2020-03-28";"03:23"
"Hey Hey My My";"Plastic Life";"2020-03-28";"03:20"
"Stuck In The Sound";"Toy Boy";"2020-03-28";"03:17"
"Liam Gallagher";"Now That I've Found You";"2020-03-28";"03:13"
"Black Honey";"Midnight";"2020-03-28";"03:11"
